item_id;titulo;preco_de_venda_hoje;custo;embalagem;frete;imposto
MLB4693629595;Toldo Policarbonato 230x100 P/ Janelas E Portas Pergolado;1246,99;;;;
MLB6989353592;Mesa Bistrô Dobrável Redonda De Madeira Maciça Tabaco Para Cozinha E Varanda;344,90;;;;
MLB4793527781;Mesa Dobrável 70cmx70cm Preta Preto;358,99;;;;
MLB6920349886;Toldo Policarbonato 305x100 P/ Janelas E Portas Pergolado Casa Reforma Chuva Agua Protetor Resistente Moderno Madeira Bronze;1932,99;;;;
MLB4722895661;Toldo Policarbonato 380x100 P/ Janelas E Portas Pergolado;1700,90;;;;
MLB4728109795;Toldo Metal Policarbonato 220x70 Janelas E Portas Pergolado;520,00;;;;
MLB4758802013;Toldo Policarbonato 305x100 P/ Janelas E Portas Pergolado Casa Reforma Chuva Agua Protetor Resistente Moderno Madeira Fumê;1932,99;;;;
MLB4719594491;Toldo Policarbonato 155x100 P/ Janelas E Portas Pergolado;700,90;;;;
MLB4793450555;Mesa Alta Bistro Em Madeira Maciça Resistente Elegante Redonda Dobrável Tabaco;344,90;;;;
MLB4951921009;Rack New Aurora Para Tv Até 65  Com Porta Ripada E Nichos  Maxi Do Brasil, Pérola;897,99;;;;
MLB6887673448;Toldo Policarbonato 230x100 P/ Janelas E Portas Pergolado Casa Reforma Chuva Agua Protetor Resistente Moderno Madeira Bronze;1220,00;;;;
MLB4731310629;Toldo Shoplima Policarbonato 230x100 P/ Janelas Portas Pergolado Casa Reforma Chuva Agua Protetor Resistente Moderno Madeira Preto;1220,00;;;;
MLB6926100860;Toldo Policarbonato 155x100 P/ Janelas E Portas Pergolado Casa Reforma Chuva Agua Protetor Resistente Moderno Madeira Bronze;922,00;;;;
MLB4728168353;Toldo Metal Policarbonato 290x70 Janelas Portas Pergolado;590,00;;;;
MLB4770294087;Toldo Sunny Metal Policarbonato Modular 145x70cm Porta Janela Perfil Alumínio Aço Reforçado Fumê;429,00;;;;
MLB4770364733;Toldo Sunny Metal Policarbonato Modular 220x70cm Cobertura Porta Janela Perfil Alumínio Aço Reforçado Fumê;473,99;;;;
MLB6864833186;Toldo Policarbonato 305x100 P/ Janelas E Portas Pergolado;1600,99;;;;
MLB6879345124;Toldo Metal Policarbonato 145x70 Janelas E Portas Pergolado;490,00;;;;
MLB6886568462;Toldo Policarbonato 155x100 P/ Janelas E Portas Pergolado Casa Reforma Chuva Agua Protetor Resistente Moderno Madeira Fumê Preto;920,00;;;;
MLB6927477742;Toldo Policarbonato 380x100 P/ Janelas E Portas Pergolado Casa Reforma Chuva Agua Protetor Resistente Moderno Madeira Fumê;1699,00;;;;
MLB6953634094;Toldo Sunny Metal Leve Policarbonato Modular 290x70cm Cobertura Porta Janela Perfil Alumínio Aço Reforçado Bronze;547,99;;;;
MLB6953644418;Toldo De Policarbonato Fumê 290x70cm Para Porta E Janela;589,00;;;;
MLB4728439145;Toldo Metal Policarbonato 365x70 Janelas Portas Pergolado;690,00;;;;
MLB4752676077;Toldo Policarbonato 380x100 P/ Janelas E Portas Pergolado Casa Reforma Chuva Agua Protetor Resistente Moderno Madeira Bronze;1699,00;;;;
MLB4770425325;Toldo Sunny Metal Policarbonato Modular 145x70cm Cobertura Porta Janela Perfil Alumínio Aço Reforçado Bronze;429,00;;;;
MLB6953635682;Toldo Sunny Metal Leve Policarbonato Modular 365x70cm Cobertura Porta Janela Perfil Alumínio Aço Reforçado Fumê;699,00;;;;
MLB6953636662;Toldo Sunny Metal Leve Policarbonato Modular 365x70cm Cobertura Porta Janela Perfil Alumínio Aço Reforçado Bronze;699,00;;;;
MLB6971791596;Toldo Sunny Metal Leve Policarbonato Modular 220x70cm Cobertura Porta Janela Perfil Alumínio Aço Reforçado Bronze;529,00;;;;
