gravidade;mlb;titulo;marca;modelo;cor_declarada;tamanho;sku;origem;agrupador;estoque_ml;status;diagnostico
CONFERIR;MLB5195209363;Chinelo Dedo Cartago 12432 Atlanta Ii Preto 40 Br;Cartago;12432 Atlanta II;Preto;40;00931640;chinelo dedo cartago 12432 atlanta ii (ay837 preto/bege 40);2366748-AY837PRETOBEGE;7;paused;"foto marrom escura; origem diz preto/bege"
CONFERIR;MLB5195209391;Chinelo Dedo Cartago 12432 Atlanta Ii Preto 41 Br;Cartago;12432 Atlanta II;Preto;41;00931641;chinelo dedo cartago 12432 atlanta ii (ay837 preto/bege 41);2366748-AY837PRETOBEGE;19;paused;"foto marrom escura; origem diz preto/bege"
CONFERIR;MLB7597400026;Chinelo Dedo Cartago 12432 Atlanta Ii Preto 43 Br;Cartago;12432 Atlanta II;Preto;43;00931643;chinelo dedo cartago 12432 atlanta ii (ay837 preto/bege 43/44);2366748-AY837PRETOBEGE;5;paused;"foto marrom escura; origem diz preto/bege"
CONFERIR;MLB5195209301;Chinelo Dedo Cartago 12432 Atlanta Ii Preto 44 Br;Cartago;12432 Atlanta II;Preto;44;00931643;chinelo dedo cartago 12432 atlanta ii (ay837 preto/bege 43/44);2366748-AY837PRETOBEGE;6;paused;"foto marrom escura; origem diz preto/bege"
CONFERIR;MLB5183571571;Chinelo Tamanco Modare 7142.106 Verde-musgo 35 Br;Modare;7142.106 NP/SEN FLEX;Verde-musgo;35;00939635;tamanco modare 7142.106 np/sen flex (102417 olivia/camel 35);2035241-102417OLIVIACAMEL;3;paused;"foto mostra preto/camel; origem diz ""olivia/camel"" - o rotulo Verde-musgo foi deduzido da palavra ""olivia"""
CONFERIR;MLB5183571631;Chinelo Tamanco Modare 7142.106 Verde-musgo 36 Br;Modare;7142.106 NP/SEN FLEX;Verde-musgo;36;00939636;tamanco modare 7142.106 np/sen flex (102417 olivia/camel 36);2035241-102417OLIVIACAMEL;2;paused;"foto mostra preto/camel; origem diz ""olivia/camel"" - o rotulo Verde-musgo foi deduzido da palavra ""olivia"""
CONFERIR;MLB5183584579;Chinelo Tamanco Modare 7142.106 Verde-musgo 37 Br;Modare;7142.106 NP/SEN FLEX;Verde-musgo;37;00939637;tamanco modare 7142.106 np/sen flex (102417 olivia/camel 37);2035241-102417OLIVIACAMEL;10;paused;"foto mostra preto/camel; origem diz ""olivia/camel"" - o rotulo Verde-musgo foi deduzido da palavra ""olivia"""
CONFERIR;MLB5183547569;Chinelo Tamanco Modare 7142.106 Verde-musgo 38 Br;Modare;7142.106 NP/SEN FLEX;Verde-musgo;38;00939638;tamanco modare 7142.106 np/sen flex (102417 olivia/camel 38);2035241-102417OLIVIACAMEL;5;paused;"foto mostra preto/camel; origem diz ""olivia/camel"" - o rotulo Verde-musgo foi deduzido da palavra ""olivia"""
CONFERIR;MLB5183547597;Chinelo Tamanco Modare 7142.106 Verde-musgo 39 Br;Modare;7142.106 NP/SEN FLEX;Verde-musgo;39;00939639;tamanco modare 7142.106 np/sen flex (102417 olivia/camel 39);2035241-102417OLIVIACAMEL;2;paused;"foto mostra preto/camel; origem diz ""olivia/camel"" - o rotulo Verde-musgo foi deduzido da palavra ""olivia"""
FOTO ERRADA;MLB7597400976;Chinelo Slide Feminino Actvitta Eva 4862.100 Rosa-claro 34 Br;Actvitta;4862.100 EVA;Rosa-claro;34;01072034;chinelo slide feminino actvitta 4862.100 eva (110395 blush/rosa 34);2647725-110395blushrosa;1;paused;"foto e um slide PRETO; origem diz blush/rosa"
FOTO ERRADA;MLB5195223137;Chinelo Slide Feminino Actvitta Eva 4862.100 Rosa-claro 35 Br;Actvitta;4862.100 EVA;Rosa-claro;35;01072035;chinelo slide feminino actvitta 4862.100 eva (110395 blush/rosa 35);2647725-110395blushrosa;2;paused;"foto e um slide PRETO; origem diz blush/rosa"
FOTO ERRADA;MLB5195223159;Chinelo Slide Feminino Actvitta Eva 4862.100 Rosa-claro 37 Br;Actvitta;4862.100 EVA;Rosa-claro;37;01072037;chinelo slide feminino actvitta 4862.100 eva (110395 blush/rosa 37);2647725-110395blushrosa;3;paused;"foto e um slide PRETO; origem diz blush/rosa"
FOTO ERRADA;MLB5195210385;Chinelo Slide Feminino Actvitta Eva 4862.100 Rosa-claro 38 Br;Actvitta;4862.100 EVA;Rosa-claro;38;01072038;chinelo slide feminino actvitta 4862.100 eva (110395 blush/rosa 38);2647725-110395blushrosa;3;paused;"foto e um slide PRETO; origem diz blush/rosa"
FOTO ERRADA;MLB5195223123;Chinelo Slide Feminino Actvitta Eva 4862.100 Rosa-claro 39 Br;Actvitta;4862.100 EVA;Rosa-claro;39;01072039;chinelo slide feminino actvitta 4862.100 eva (110395 blush/rosa 39);2647725-110395blushrosa;1;paused;"foto e um slide PRETO; origem diz blush/rosa"
FOTO ERRADA;MLB7597400996;Chinelo Slide Feminino Actvitta Eva 4862.100 Rosa-claro 40 Br;Actvitta;4862.100 EVA;Rosa-claro;40;01072040;chinelo slide feminino actvitta 4862.100 eva (110395 blush/rosa 40);2647725-110395blushrosa;1;paused;"foto e um slide PRETO; origem diz blush/rosa"
FOTO ERRADA;MLB7584846302;Chinelo Havaianas Brasil Amarelo 33 Br;Havaianas;BRASIL;Amarelo;33;01067333;chinelo dedo havaianas brasil (1288 amarelo pop marinho 33/34);2362313-1288amarelopopmarinho;1;paused;"foto e rosa; origem diz amarelo pop/marinho"
FOTO ERRADA;MLB7584846334;Chinelo Havaianas Brasil Amarelo 34 Br;Havaianas;BRASIL;Amarelo;34;01067333;chinelo dedo havaianas brasil (1288 amarelo pop marinho 33/34);2362313-1288amarelopopmarinho;2;paused;"foto e rosa; origem diz amarelo pop/marinho"
FOTO ERRADA;MLB7584859274;Chinelo Havaianas Brasil Amarelo 35 Br;Havaianas;BRASIL;Amarelo;35;01067335;chinelo dedo havaianas brasil (1288 amarelo pop marinho 35/36);2362313-1288amarelopopmarinho;4;paused;"foto e rosa; origem diz amarelo pop/marinho"
FOTO ERRADA;MLB7584859300;Chinelo Havaianas Brasil Amarelo 36 Br;Havaianas;BRASIL;Amarelo;36;01067335;chinelo dedo havaianas brasil (1288 amarelo pop marinho 35/36);2362313-1288amarelopopmarinho;4;paused;"foto e rosa; origem diz amarelo pop/marinho"
FOTO ERRADA;MLB7584846456;Chinelo Havaianas Brasil Amarelo 37 Br;Havaianas;BRASIL;Amarelo;37;01067337;chinelo dedo havaianas brasil (1288 amarelo pop marinho 37/38);2362313-1288amarelopopmarinho;4;paused;"foto e rosa; origem diz amarelo pop/marinho"
FOTO ERRADA;MLB7584846490;Chinelo Havaianas Brasil Amarelo 38 Br;Havaianas;BRASIL;Amarelo;38;01067337;chinelo dedo havaianas brasil (1288 amarelo pop marinho 37/38);2362313-1288amarelopopmarinho;5;paused;"foto e rosa; origem diz amarelo pop/marinho"
FOTO ERRADA;MLB7584859426;Chinelo Havaianas Brasil Amarelo 39 Br;Havaianas;BRASIL;Amarelo;39;01067339;chinelo dedo havaianas brasil (1288 amarelo pop marinho 39/40);2362313-1288amarelopopmarinho;10;paused;"foto e rosa; origem diz amarelo pop/marinho"
FOTO ERRADA;MLB7584835470;Chinelo Havaianas Brasil Amarelo 40 Br;Havaianas;BRASIL;Amarelo;40;01067339;chinelo dedo havaianas brasil (1288 amarelo pop marinho 39/40);2362313-1288amarelopopmarinho;10;paused;"foto e rosa; origem diz amarelo pop/marinho"
FOTO ERRADA;MLB7584974218;Chinelo Havaianas Dual Branco Cinza Gelo Branco 38 Br;Havaianas;DUAL;Branco;38;00639537;chinelo dedo havaianas dual (dual branco cinza gelo 37/38);2363773-DUALBRANCOCINZAGELO;1;paused;"foto e preta/cinza; origem diz branco/cinza gelo"
FOTO ERRADA;MLB7584974270;Chinelo Havaianas Dual Branco Cinza Gelo Branco 39 Br;Havaianas;DUAL;Branco;39;00639539;chinelo dedo havaianas dual (dual branco cinza gelo 39/40);2363773-DUALBRANCOCINZAGELO;3;paused;"foto e preta/cinza; origem diz branco/cinza gelo"
FOTO ERRADA;MLB7584961486;Chinelo Havaianas Dual Branco Cinza Gelo Branco 40 Br;Havaianas;DUAL;Branco;40;00639539;chinelo dedo havaianas dual (dual branco cinza gelo 39/40);2363773-DUALBRANCOCINZAGELO;4;paused;"foto e preta/cinza; origem diz branco/cinza gelo"
FOTO ERRADA;MLB7584771500;Chinelo Dedo Havaianas Fantasia Style Ii Bege 33 Br;Havaianas;FANTASIA STYLE II;Bege;33;00984233;chinelo dedo havaianas fantasia style ii (fant bege palha 33/34);2398392-fantbegepalha;1;paused;"foto e a estampa rosa de coracoes; origem diz bege palha"
FOTO ERRADA;MLB7584746516;Chinelo Dedo Havaianas Fantasia Style Ii Bege 34 Br;Havaianas;FANTASIA STYLE II;Bege;34;00984233;chinelo dedo havaianas fantasia style ii (fant bege palha 33/34);2398392-fantbegepalha;2;paused;"foto e a estampa rosa de coracoes; origem diz bege palha"
FOTO ERRADA;MLB7584784396;Chinelo Dedo Havaianas Fantasia Style Ii Bege 35 Br;Havaianas;FANTASIA STYLE II;Bege;35;00984235;chinelo dedo havaianas fantasia style ii (fant bege palha 35/36);2398392-fantbegepalha;5;paused;"foto e a estampa rosa de coracoes; origem diz bege palha"
FOTO ERRADA;MLB7584771332;Chinelo Dedo Havaianas Fantasia Style Ii Bege 36 Br;Havaianas;FANTASIA STYLE II;Bege;36;00984235;chinelo dedo havaianas fantasia style ii (fant bege palha 35/36);2398392-fantbegepalha;5;paused;"foto e a estampa rosa de coracoes; origem diz bege palha"
FOTO ERRADA;MLB7584746782;Chinelo Dedo Havaianas Fantasia Style Ii Bege 39 Br;Havaianas;FANTASIA STYLE II;Bege;39;00984239;chinelo dedo havaianas fantasia style ii (fant bege palha 39/40);2398392-fantbegepalha;5;paused;"foto e a estampa rosa de coracoes; origem diz bege palha"
FOTO ERRADA;MLB7584784016;Chinelo Dedo Havaianas Fantasia Style Ii Bege 40 Br;Havaianas;FANTASIA STYLE II;Bege;40;00984239;chinelo dedo havaianas fantasia style ii (fant bege palha 39/40);2398392-fantbegepalha;5;paused;"foto e a estampa rosa de coracoes; origem diz bege palha"
FOTO ERRADA;MLB5183223159;Chinelo Havaianas Glitter Glam E Edge Feminina Brilho Cinza 35 Br;Havaianas;GLITTER EDGE;Cinza;35;01057235;chinelo slim havaianas glitter edge (ed cinza gelo 35/36);2606512-edcinzagelo;6;paused;"foto e a bege palha; origem diz cinza gelo"
FOTO ERRADA;MLB5183173313;Chinelo Havaianas Glitter Glam E Edge Feminina Brilho Cinza 36 Br;Havaianas;GLITTER EDGE;Cinza;36;01057235;chinelo slim havaianas glitter edge (ed cinza gelo 35/36);2606512-edcinzagelo;6;paused;"foto e a bege palha; origem diz cinza gelo"
FOTO ERRADA;MLB5183173345;Chinelo Havaianas Glitter Glam E Edge Feminina Brilho Cinza 37 Br;Havaianas;GLITTER EDGE;Cinza;37;01057237;chinelo slim havaianas glitter edge (ed cinza gelo 37/38);2606512-edcinzagelo;3;paused;"foto e a bege palha; origem diz cinza gelo"
FOTO ERRADA;MLB5183223311;Chinelo Havaianas Glitter Glam E Edge Feminina Brilho Cinza 38 Br;Havaianas;GLITTER EDGE;Cinza;38;01057237;chinelo slim havaianas glitter edge (ed cinza gelo 37/38);2606512-edcinzagelo;4;paused;"foto e a bege palha; origem diz cinza gelo"
FOTO ERRADA;MLB5183223359;Chinelo Havaianas Glitter Glam E Edge Feminina Brilho Cinza 39 Br;Havaianas;GLITTER EDGE;Cinza;39;01057239;chinelo slim havaianas glitter edge (ed cinza gelo 39/40);2606512-edcinzagelo;4;paused;"foto e a bege palha; origem diz cinza gelo"
FOTO ERRADA;MLB5183173515;Chinelo Havaianas Glitter Glam E Edge Feminina Brilho Cinza 40 Br;Havaianas;GLITTER EDGE;Cinza;40;01057239;chinelo slim havaianas glitter edge (ed cinza gelo 39/40);2606512-edcinzagelo;4;paused;"foto e a bege palha; origem diz cinza gelo"
FOTO ERRADA;MLB5183223457;Chinelo Havaianas Glitter Glam E Edge Feminina Brilho Verde 35 Br;Havaianas;GLITTER EDGE;Verde;35;01057335;chinelo slim havaianas glitter edge (ed verde olive 35/36);2606512-edverdeolive;5;paused;"foto e a bege palha; origem diz verde olive"
FOTO ERRADA;MLB5183173627;Chinelo Havaianas Glitter Glam E Edge Feminina Brilho Verde 36 Br;Havaianas;GLITTER EDGE;Verde;36;01057335;chinelo slim havaianas glitter edge (ed verde olive 35/36);2606512-edverdeolive;6;paused;"foto e a bege palha; origem diz verde olive"
FOTO ERRADA;MLB5183210809;Chinelo Havaianas Glitter Glam E Edge Feminina Brilho Verde 37 Br;Havaianas;GLITTER EDGE;Verde;37;01057337;chinelo slim havaianas glitter edge (ed verde olive 37/38);2606512-edverdeolive;6;paused;"foto e a bege palha; origem diz verde olive"
FOTO ERRADA;MLB5183223627;Chinelo Havaianas Glitter Glam E Edge Feminina Brilho Verde 38 Br;Havaianas;GLITTER EDGE;Verde;38;01057337;chinelo slim havaianas glitter edge (ed verde olive 37/38);2606512-edverdeolive;6;paused;"foto e a bege palha; origem diz verde olive"
FOTO ERRADA;MLB5183223683;Chinelo Havaianas Glitter Glam E Edge Feminina Brilho Verde 39 Br;Havaianas;GLITTER EDGE;Verde;39;01057339;chinelo slim havaianas glitter edge (ed verde olive 39/40);2606512-edverdeolive;5;paused;"foto e a bege palha; origem diz verde olive"
FOTO ERRADA;MLB5183210941;Chinelo Havaianas Glitter Glam E Edge Feminina Brilho Verde 40 Br;Havaianas;GLITTER EDGE;Verde;40;01057339;chinelo slim havaianas glitter edge (ed verde olive 39/40);2606512-edverdeolive;5;paused;"foto e a bege palha; origem diz verde olive"
FOTO ERRADA;MLB5183171703;Chinelo Feminino Square Havaianas Jelly Jel Buttercream Blossom 33 Br;Havaianas;JELLY;Blossom;33;01056933;chinelo square havaianas jelly (jel blossom 33/34);2606511-jelblossom;6;paused;"foto e a azul lavanda; origem diz blossom"
FOTO ERRADA;MLB5183171759;Chinelo Feminino Square Havaianas Jelly Jel Buttercream Blossom 34 Br;Havaianas;JELLY;Blossom;34;01056933;chinelo square havaianas jelly (jel blossom 33/34);2606511-jelblossom;6;paused;"foto e a azul lavanda; origem diz blossom"
FOTO ERRADA;MLB5183171807;Chinelo Feminino Square Havaianas Jelly Jel Buttercream Blossom 35 Br;Havaianas;JELLY;Blossom;35;01056935;chinelo square havaianas jelly (jel blossom 35/36);2606511-jelblossom;6;paused;"foto e a azul lavanda; origem diz blossom"
FOTO ERRADA;MLB5183209021;Chinelo Feminino Square Havaianas Jelly Jel Buttercream Blossom 36 Br;Havaianas;JELLY;Blossom;36;01056935;chinelo square havaianas jelly (jel blossom 35/36);2606511-jelblossom;6;paused;"foto e a azul lavanda; origem diz blossom"
FOTO ERRADA;MLB5183171917;Chinelo Feminino Square Havaianas Jelly Jel Buttercream Blossom 37 Br;Havaianas;JELLY;Blossom;37;01056937;chinelo square havaianas jelly (jel blossom 37/38);2606511-jelblossom;6;paused;"foto e a azul lavanda; origem diz blossom"
FOTO ERRADA;MLB5183221859;Chinelo Feminino Square Havaianas Jelly Jel Buttercream Blossom 38 Br;Havaianas;JELLY;Blossom;38;01056937;chinelo square havaianas jelly (jel blossom 37/38);2606511-jelblossom;6;paused;"foto e a azul lavanda; origem diz blossom"
FOTO ERRADA;MLB5183221913;Chinelo Feminino Square Havaianas Jelly Jel Buttercream Buttercream 35 Br;Havaianas;JELLY;Buttercream;35;01057035;chinelo square havaianas jelly (jel buttercream 35/36);2606511-jelbuttercream;6;paused;"foto e a azul lavanda; origem diz buttercream"
FOTO ERRADA;MLB5183209263;Chinelo Feminino Square Havaianas Jelly Jel Buttercream Buttercream 36 Br;Havaianas;JELLY;Buttercream;36;01057035;chinelo square havaianas jelly (jel buttercream 35/36);2606511-jelbuttercream;6;paused;"foto e a azul lavanda; origem diz buttercream"
FOTO ERRADA;MLB5183172159;Chinelo Feminino Square Havaianas Jelly Jel Buttercream Buttercream 37 Br;Havaianas;JELLY;Buttercream;37;01057037;chinelo square havaianas jelly (jel buttercream 37/38);2606511-jelbuttercream;5;paused;"foto e a azul lavanda; origem diz buttercream"
FOTO ERRADA;MLB5183172201;Chinelo Feminino Square Havaianas Jelly Jel Buttercream Buttercream 38 Br;Havaianas;JELLY;Buttercream;38;01057037;chinelo square havaianas jelly (jel buttercream 37/38);2606511-jelbuttercream;6;paused;"foto e a azul lavanda; origem diz buttercream"
FOTO ERRADA;MLB5183222087;Chinelo Feminino Square Havaianas Jelly Jel Buttercream Buttercream 39 Br;Havaianas;JELLY;Buttercream;39;01057039;chinelo square havaianas jelly (jel buttercream 39/40);2606511-jelbuttercream;5;paused;"foto e a azul lavanda; origem diz buttercream"
FOTO ERRADA;MLB5183172305;Chinelo Feminino Square Havaianas Jelly Jel Buttercream Buttercream 40 Br;Havaianas;JELLY;Buttercream;40;01057039;chinelo square havaianas jelly (jel buttercream 39/40);2606511-jelbuttercream;6;paused;"foto e a azul lavanda; origem diz buttercream"
FOTO ERRADA;MLB7584838422;Chinelo Havaianas Slim Liso - Chinelo Dedo Havaianas Slim Li Amarelo 36 Br;Havaianas;SLIM LISO;Amarelo;36;00628535;chinelo dedo havaianas slim liso (sl amarelo pop 35/36);2360426-SLAMARELOPOP;1;paused;"foto e branca/creme; origem diz amarelo pop"
FOTO ERRADA;MLB7584963816;Chinelo Havaianas Slim Point Point Ferrungem/smok Gree Amarelo 33 Br;Havaianas;SLIM POINT;Amarelo;33;01016833;chinelo dedo havaianas slim point (amaranto/amarelo n 33/34);2391440-amarantoamarelon;1;paused;"foto e verde menta; origem diz amaranto/amarelo neon"
FOTO ERRADA;MLB7584952522;Chinelo Havaianas Slim Point Point Ferrungem/smok Gree Amarelo 34 Br;Havaianas;SLIM POINT;Amarelo;34;01016833;chinelo dedo havaianas slim point (amaranto/amarelo n 33/34);2391440-amarantoamarelon;1;paused;"foto e verde menta; origem diz amaranto/amarelo neon"
FOTO ERRADA;MLB7584952548;Chinelo Havaianas Slim Point Point Ferrungem/smok Gree Amarelo 37 Br;Havaianas;SLIM POINT;Amarelo;37;01016837;chinelo dedo havaianas slim point (amaranto/amarelo n 37/38);2391440-amarantoamarelon;1;paused;"foto e verde menta; origem diz amaranto/amarelo neon"
FOTO ERRADA;MLB7584952582;Chinelo Havaianas Slim Point Point Ferrungem/smok Gree Amarelo 38 Br;Havaianas;SLIM POINT;Amarelo;38;01016837;chinelo dedo havaianas slim point (amaranto/amarelo n 37/38);2391440-amarantoamarelon;2;paused;"foto e verde menta; origem diz amaranto/amarelo neon"
FOTO ERRADA;MLB7584963938;Chinelo Havaianas Slim Point Point Ferrungem/smok Gree Amarelo 39 Br;Havaianas;SLIM POINT;Amarelo;39;01016839;chinelo dedo havaianas slim point (amaranto/amarelo n 39/40);2391440-amarantoamarelon;2;paused;"foto e verde menta; origem diz amaranto/amarelo neon"
FOTO ERRADA;MLB7584952632;Chinelo Havaianas Slim Point Point Ferrungem/smok Gree Amarelo 40 Br;Havaianas;SLIM POINT;Amarelo;40;01016839;chinelo dedo havaianas slim point (amaranto/amarelo n 39/40);2391440-amarantoamarelon;3;paused;"foto e verde menta; origem diz amaranto/amarelo neon"
FOTO ERRADA;MLB5183575735;Chinelo Havaianas Slim Square Feminino Original Branco 33 Br;Havaianas;SLIM SQUARE LISO;Branco;33;00636733;chinelo dedo havaianas slim square liso (sqe branco/branco 33/34);2359737-SQEBRANCOBRANCO;1;paused;"foto e rosa/coral; origem diz branco/branco"
FOTO ERRADA;MLB5183575773;Chinelo Havaianas Slim Square Feminino Original Branco 34 Br;Havaianas;SLIM SQUARE LISO;Branco;34;00636733;chinelo dedo havaianas slim square liso (sqe branco/branco 33/34);2359737-SQEBRANCOBRANCO;1;paused;"foto e rosa/coral; origem diz branco/branco"
FOTO ERRADA;MLB5183588615;Chinelo Havaianas Slim Square Feminino Original Branco 35 Br;Havaianas;SLIM SQUARE LISO;Branco;35;00636735;chinelo dedo havaianas slim square liso (sqe branco/branco 35/36);2359737-SQEBRANCOBRANCO;3;paused;"foto e rosa/coral; origem diz branco/branco"
FOTO ERRADA;MLB5183575843;Chinelo Havaianas Slim Square Feminino Original Branco 36 Br;Havaianas;SLIM SQUARE LISO;Branco;36;00636735;chinelo dedo havaianas slim square liso (sqe branco/branco 35/36);2359737-SQEBRANCOBRANCO;4;paused;"foto e rosa/coral; origem diz branco/branco"
FOTO ERRADA;MLB5183588683;Chinelo Havaianas Slim Square Feminino Original Branco 37 Br;Havaianas;SLIM SQUARE LISO;Branco;37;00636737;chinelo dedo havaianas slim square liso (sqe branco/branco 37/38);2359737-SQEBRANCOBRANCO;4;paused;"foto e rosa/coral; origem diz branco/branco"
FOTO ERRADA;MLB5183575933;Chinelo Havaianas Slim Square Feminino Original Branco 38 Br;Havaianas;SLIM SQUARE LISO;Branco;38;00636737;chinelo dedo havaianas slim square liso (sqe branco/branco 37/38);2359737-SQEBRANCOBRANCO;4;paused;"foto e rosa/coral; origem diz branco/branco"
FOTO ERRADA;MLB5183588789;Chinelo Havaianas Slim Square Feminino Original Branco 39 Br;Havaianas;SLIM SQUARE LISO;Branco;39;00636739;chinelo dedo havaianas slim square liso (sqe branco/branco 39/40);2359737-SQEBRANCOBRANCO;4;paused;"foto e rosa/coral; origem diz branco/branco"
FOTO ERRADA;MLB5183551799;Chinelo Havaianas Slim Square Feminino Original Branco 40 Br;Havaianas;SLIM SQUARE LISO;Branco;40;00636739;chinelo dedo havaianas slim square liso (sqe branco/branco 39/40);2359737-SQEBRANCOBRANCO;5;paused;"foto e rosa/coral; origem diz branco/branco"
FOTO ERRADA;MLB5183303847;Chinelo Havaianas Top Basic Branco 37 Br;Havaianas;TOP BASIC;Branco;37;00607837;chinelo havaianas top basic (t basic branco/br/branco 37/38);2363789-TBASICBRANCOBRBRANCO;6;paused;"foto e listrada creme/vermelho; origem diz branco/branco"
FOTO ERRADA;MLB5183314723;Chinelo Havaianas Top Basic Branco 38 Br;Havaianas;TOP BASIC;Branco;38;00607837;chinelo havaianas top basic (t basic branco/br/branco 37/38);2363789-TBASICBRANCOBRBRANCO;6;paused;"foto e listrada creme/vermelho; origem diz branco/branco"
FOTO ERRADA;MLB5183327489;Chinelo Havaianas Top Basic Branco 39 Br;Havaianas;TOP BASIC;Branco;39;00607839;chinelo havaianas top basic (t basic branco/br/branco 39/40);2363789-TBASICBRANCOBRBRANCO;8;paused;"foto e listrada creme/vermelho; origem diz branco/branco"
FOTO ERRADA;MLB5183327541;Chinelo Havaianas Top Basic Branco 40 Br;Havaianas;TOP BASIC;Branco;40;00607839;chinelo havaianas top basic (t basic branco/br/branco 39/40);2363789-TBASICBRANCOBRBRANCO;8;paused;"foto e listrada creme/vermelho; origem diz branco/branco"
FOTO ERRADA;MLB5183327599;Chinelo Havaianas Top Basic Preto 37 Br;Havaianas;TOP BASIC;Preto;37;00642437;chinelo havaianas top basic (t basic preto/pre/branco 37/38);2363789-TBASICPRETOPREBRANCO;1;paused;"foto e listrada creme/vermelho; origem diz preto/preto/branco"
FOTO ERRADA;MLB5183304089;Chinelo Havaianas Top Basic Preto 38 Br;Havaianas;TOP BASIC;Preto;38;00642437;chinelo havaianas top basic (t basic preto/pre/branco 37/38);2363789-TBASICPRETOPREBRANCO;1;paused;"foto e listrada creme/vermelho; origem diz preto/preto/branco"
FOTO ERRADA;MLB5183314985;Chinelo Havaianas Top Basic Preto 40 Br;Havaianas;TOP BASIC;Preto;40;00642439;chinelo havaianas top basic (t basic preto/pre/branco 39/40);2363789-TBASICPRETOPREBRANCO;1;paused;"foto e listrada creme/vermelho; origem diz preto/preto/branco"
FOTO ERRADA;MLB5183313513;Chinelo Havaianas Top Basic Preto 37 Br;Havaianas;TOP BASIC 25/6;Preto;37;00983537;chinelo dedo havaianas top basic 25/6 (t/basic preto/preto/preto 37/38);2393120-tbasicpretopretopreto;4;paused;"foto e a branca/azul; origem diz preto/preto/preto"
FOTO ERRADA;MLB5183302807;Chinelo Havaianas Top Basic Preto 38 Br;Havaianas;TOP BASIC 25/6;Preto;38;00983537;chinelo dedo havaianas top basic 25/6 (t/basic preto/preto/preto 37/38);2393120-tbasicpretopretopreto;5;paused;"foto e a branca/azul; origem diz preto/preto/preto"
FOTO ERRADA;MLB5183326451;Chinelo Havaianas Top Basic Preto 39 Br;Havaianas;TOP BASIC 25/6;Preto;39;00983539;chinelo dedo havaianas top basic 25/6 (t/basic preto/preto/preto 39/40);2393120-tbasicpretopretopreto;3;paused;"foto e a branca/azul; origem diz preto/preto/preto"
FOTO ERRADA;MLB5183326515;Chinelo Havaianas Top Basic Preto 40 Br;Havaianas;TOP BASIC 25/6;Preto;40;00983539;chinelo dedo havaianas top basic 25/6 (t/basic preto/preto/preto 39/40);2393120-tbasicpretopretopreto;4;paused;"foto e a branca/azul; origem diz preto/preto/preto"
FOTO ERRADA;MLB7584861046;Chinelo Havaianas Top Liso Top Amarelo 33 Br;Havaianas;TOP LISO;Amarelo;33;00630733;chinelo dedo havaianas top liso (top l amarelo pop 33/34);2361827-TOPLAMARELOPOP;3;paused;"foto e estampa tropical; o modelo e LISO, cor amarelo pop"
FOTO ERRADA;MLB7584848198;Chinelo Havaianas Top Liso Top Amarelo 34 Br;Havaianas;TOP LISO;Amarelo;34;00630733;chinelo dedo havaianas top liso (top l amarelo pop 33/34);2361827-TOPLAMARELOPOP;4;paused;"foto e estampa tropical; o modelo e LISO, cor amarelo pop"
FOTO ERRADA;MLB7584848238;Chinelo Havaianas Top Liso Top Amarelo 35 Br;Havaianas;TOP LISO;Amarelo;35;00630735;chinelo dedo havaianas top liso (top l amarelo pop 35/36);2361827-TOPLAMARELOPOP;2;paused;"foto e estampa tropical; o modelo e LISO, cor amarelo pop"
FOTO ERRADA;MLB7584837162;Chinelo Havaianas Top Liso Top Amarelo 36 Br;Havaianas;TOP LISO;Amarelo;36;00630735;chinelo dedo havaianas top liso (top l amarelo pop 35/36);2361827-TOPLAMARELOPOP;2;paused;"foto e estampa tropical; o modelo e LISO, cor amarelo pop"
FOTO ERRADA;MLB7584848336;Chinelo Havaianas Top Liso Top Amarelo 37 Br;Havaianas;TOP LISO;Amarelo;37;00630737;chinelo dedo havaianas top liso (top l amarelo pop 37/38);2361827-TOPLAMARELOPOP;2;paused;"foto e estampa tropical; o modelo e LISO, cor amarelo pop"
FOTO ERRADA;MLB7584837240;Chinelo Havaianas Top Liso Top Amarelo 38 Br;Havaianas;TOP LISO;Amarelo;38;00630737;chinelo dedo havaianas top liso (top l amarelo pop 37/38);2361827-TOPLAMARELOPOP;3;paused;"foto e estampa tropical; o modelo e LISO, cor amarelo pop"
FOTO ERRADA;MLB7584837274;Chinelo Havaianas Top Liso Top Amarelo 39 Br;Havaianas;TOP LISO;Amarelo;39;00630739;chinelo dedo havaianas top liso (top l amarelo pop 39/40);2361827-TOPLAMARELOPOP;2;paused;"foto e estampa tropical; o modelo e LISO, cor amarelo pop"
FOTO ERRADA;MLB7584848448;Chinelo Havaianas Top Liso Top Amarelo 40 Br;Havaianas;TOP LISO;Amarelo;40;00630739;chinelo dedo havaianas top liso (top l amarelo pop 39/40);2361827-TOPLAMARELOPOP;2;paused;"foto e estampa tropical; o modelo e LISO, cor amarelo pop"
FOTO ERRADA;MLB5183548141;Chinelo Havaianas Top Tiras Rosa 35 Br;Havaianas;TOP TIRAS;Rosa;35;00962035;chinelo havaianas top tiras (rosa ballet/tiras 35/36);2387439-rosaballettiras;8;paused;"foto e a marrom cafe; origem diz rosa ballet"
FOTO ERRADA;MLB5183585259;Chinelo Havaianas Top Tiras Rosa 36 Br;Havaianas;TOP TIRAS;Rosa;36;00962035;chinelo havaianas top tiras (rosa ballet/tiras 35/36);2387439-rosaballettiras;9;paused;"foto e a marrom cafe; origem diz rosa ballet"
FOTO ERRADA;MLB5183548227;Chinelo Havaianas Top Tiras Rosa 37 Br;Havaianas;TOP TIRAS;Rosa;37;00962037;chinelo havaianas top tiras (rosa ballet/tiras 37/38);2387439-rosaballettiras;11;paused;"foto e a marrom cafe; origem diz rosa ballet"
FOTO ERRADA;MLB5183572475;Chinelo Havaianas Top Tiras Rosa 38 Br;Havaianas;TOP TIRAS;Rosa;38;00962037;chinelo havaianas top tiras (rosa ballet/tiras 37/38);2387439-rosaballettiras;12;paused;"foto e a marrom cafe; origem diz rosa ballet"
FOTO ERRADA;MLB5183585375;Chinelo Havaianas Top Tiras Rosa 39 Br;Havaianas;TOP TIRAS;Rosa;39;00962039;chinelo havaianas top tiras (rosa ballet/tiras 39/40);2387439-rosaballettiras;12;paused;"foto e a marrom cafe; origem diz rosa ballet"
FOTO ERRADA;MLB5183572537;Chinelo Havaianas Top Tiras Rosa 40 Br;Havaianas;TOP TIRAS;Rosa;40;00962039;chinelo havaianas top tiras (rosa ballet/tiras 39/40);2387439-rosaballettiras;13;paused;"foto e a marrom cafe; origem diz rosa ballet"
FOTO ERRADA;MLB5183579913;Sandalia Papete Feminino Modare London 7200.113 Marrom-claro 34 Br;Modare;7200.113 LONDON;Marrom-claro;34;01066334;sandalia papete feminino modare 7200.113 london (106596 caramelo 34);2644016-106596caramelo;1;paused;"foto e uma sandalia PRETA; origem diz caramelo"
FOTO ERRADA;MLB5183592961;Sandalia Papete Feminino Modare London 7200.113 Marrom-claro 35 Br;Modare;7200.113 LONDON;Marrom-claro;35;01066335;sandalia papete feminino modare 7200.113 london (106596 caramelo 35);2644016-106596caramelo;2;paused;"foto e uma sandalia PRETA; origem diz caramelo"
FOTO ERRADA;MLB5183579963;Sandalia Papete Feminino Modare London 7200.113 Marrom-claro 36 Br;Modare;7200.113 LONDON;Marrom-claro;36;01066336;sandalia papete feminino modare 7200.113 london (106596 caramelo 36);2644016-106596caramelo;4;paused;"foto e uma sandalia PRETA; origem diz caramelo"
FOTO ERRADA;MLB5183580005;Sandalia Papete Feminino Modare London 7200.113 Marrom-claro 37 Br;Modare;7200.113 LONDON;Marrom-claro;37;01066337;sandalia papete feminino modare 7200.113 london (106596 caramelo 37);2644016-106596caramelo;6;paused;"foto e uma sandalia PRETA; origem diz caramelo"
FOTO ERRADA;MLB5183580033;Sandalia Papete Feminino Modare London 7200.113 Marrom-claro 38 Br;Modare;7200.113 LONDON;Marrom-claro;38;01066338;sandalia papete feminino modare 7200.113 london (106596 caramelo 38);2644016-106596caramelo;5;paused;"foto e uma sandalia PRETA; origem diz caramelo"
FOTO ERRADA;MLB5183580055;Sandalia Papete Feminino Modare London 7200.113 Marrom-claro 39 Br;Modare;7200.113 LONDON;Marrom-claro;39;01066339;sandalia papete feminino modare 7200.113 london (106596 caramelo 39);2644016-106596caramelo;2;paused;"foto e uma sandalia PRETA; origem diz caramelo"
FOTO ERRADA;MLB5183593109;Sandalia Papete Feminino Modare London 7200.113 Marrom-claro 40 Br;Modare;7200.113 LONDON;Marrom-claro;40;01066340;sandalia papete feminino modare 7200.113 london (106596 caramelo 40);2644016-106596caramelo;1;paused;"foto e uma sandalia PRETA; origem diz caramelo"
FOTO ERRADA;MLB5183325299;Papete Slide Feminina Moleca 5556.100 Bege 34 Br;Moleca;5556.100 TIRA PR CA;Bege;34;01058534;papete slide moleca 5556.100 tira pr ca (92940 bege/cristal/bege 34);2608307-92940begecristalbege;2;paused;"foto e preta; origem diz bege/cristal/bege"
FOTO ERRADA;MLB5183325349;Papete Slide Feminina Moleca 5556.100 Bege 37 Br;Moleca;5556.100 TIRA PR CA;Bege;37;01058537;papete slide moleca 5556.100 tira pr ca (92940 bege/cristal/bege 37);2608307-92940begecristalbege;3;paused;"foto e preta; origem diz bege/cristal/bege"
FOTO ERRADA;MLB5183325415;Papete Slide Feminina Moleca 5556.100 Bege 38 Br;Moleca;5556.100 TIRA PR CA;Bege;38;01058538;papete slide moleca 5556.100 tira pr ca (92940 bege/cristal/bege 38);2608307-92940begecristalbege;2;paused;"foto e preta; origem diz bege/cristal/bege"
FOTO ERRADA;MLB5183301789;Papete Slide Feminina Moleca 5556.100 Bege 40 Br;Moleca;5556.100 TIRA PR CA;Bege;40;01058540;papete slide moleca 5556.100 tira pr ca (92940 bege/cristal/bege 40);2608307-92940begecristalbege;1;paused;"foto e preta; origem diz bege/cristal/bege"
FOTO ERRADA;MLB5183311841;Babuche Moleca 5832.100 Branco 38 Br;Moleca;5832.100 PVC;Branco;38;01024838;babuche moleca 5832.100 pvc (bab branco off 526 38);2545583-babbrancooff526;5;paused;"foto e a do babuche PRETO; origem diz branco off"
FOTO ERRADA;MLB5183301029;Babuche Moleca 5832.100 Branco 39 Br;Moleca;5832.100 PVC;Branco;39;01024839;babuche moleca 5832.100 pvc (bab branco off 526 39);2545583-babbrancooff526;5;paused;"foto e a do babuche PRETO; origem diz branco off"
FOTO ERRADA;MLB5183301085;Babuche Moleca 5832.100 Branco 40 Br;Moleca;5832.100 PVC;Branco;40;01024840;babuche moleca 5832.100 pvc (bab branco off 526 40);2545583-babbrancooff526;2;paused;"foto e a do babuche PRETO; origem diz branco off"
FOTO ERRADA;MLB5183312265;Babuche Moleca 5832.100 Chocolate 36 Br;Moleca;5832.100 PVC;Chocolate;36;01025036;babuche moleca 5832.100 pvc (bab chocolate 36);2545583-babchocolate;1;paused;foto e a do babuche PRETO (identica a cor Preto)
FOTO ERRADA;MLB5183301465;Babuche Moleca 5832.100 Chocolate 38 Br;Moleca;5832.100 PVC;Chocolate;38;01025038;babuche moleca 5832.100 pvc (bab chocolate 38);2545583-babchocolate;1;paused;foto e a do babuche PRETO (identica a cor Preto)
FOTO ERRADA;MLB5183325159;Babuche Moleca 5832.100 Chocolate 39 Br;Moleca;5832.100 PVC;Chocolate;39;01025039;babuche moleca 5832.100 pvc (bab chocolate 39);2545583-babchocolate;5;paused;foto e a do babuche PRETO (identica a cor Preto)
FOTO ERRADA;MLB5183312401;Babuche Moleca 5832.100 Chocolate 40 Br;Moleca;5832.100 PVC;Chocolate;40;01025040;babuche moleca 5832.100 pvc (bab chocolate 40);2545583-babchocolate;3;paused;foto e a do babuche PRETO (identica a cor Preto)
FOTO ERRADA;MLB5183577097;Chinelo Slide Molekinho 2417.100 Slide Eva Azul-marinho 27 Br;Molekinho;2417.100 SLIDE EVA;Azul-marinho;27;01017127;chinelo slide molekinho 2417.100 slide eva (marinho eva 27/28);2548526-marinhoeva;1;paused;"foto e o slide PRETO; origem diz marinho"
FOTO ERRADA;MLB5183577125;Chinelo Slide Molekinho 2417.100 Slide Eva Azul-marinho 28 Br;Molekinho;2417.100 SLIDE EVA;Azul-marinho;28;01017127;chinelo slide molekinho 2417.100 slide eva (marinho eva 27/28);2548526-marinhoeva;2;paused;"foto e o slide PRETO; origem diz marinho"
FOTO ERRADA;MLB5183577151;Chinelo Slide Molekinho 2417.100 Slide Eva Azul-marinho 30 Br;Molekinho;2417.100 SLIDE EVA;Azul-marinho;30;01017129;chinelo slide molekinho 2417.100 slide eva (marinho eva 29/30);2548526-marinhoeva;1;paused;"foto e o slide PRETO; origem diz marinho"
FOTO ERRADA;MLB5183589967;Chinelo Slide Molekinho 2417.100 Slide Eva Azul-marinho 35 Br;Molekinho;2417.100 SLIDE EVA;Azul-marinho;35;01017135;chinelo slide molekinho 2417.100 slide eva (marinho eva 35/36);2548526-marinhoeva;1;paused;"foto e o slide PRETO; origem diz marinho"
FOTO ERRADA;MLB5183577205;Chinelo Slide Molekinho 2417.100 Slide Eva Azul-marinho 36 Br;Molekinho;2417.100 SLIDE EVA;Azul-marinho;36;01017135;chinelo slide molekinho 2417.100 slide eva (marinho eva 35/36);2548526-marinhoeva;1;paused;"foto e o slide PRETO; origem diz marinho"
FOTO ERRADA;MLB7584845538;Babuche Molekinho 2874.202 Gaspea Eva Laranja 27 Br;Molekinho;2874.202 GASPEA EVA;Laranja;27;01026327;babuche molekinho 2874.202 gaspea eva (marinho laranja 27/28);2546293-marinholaranja;5;paused;foto e do 2874.407 preto/neon (modelo e cor errados)
FOTO ERRADA;MLB7584834082;Babuche Molekinho 2874.202 Gaspea Eva Laranja 28 Br;Molekinho;2874.202 GASPEA EVA;Laranja;28;01026327;babuche molekinho 2874.202 gaspea eva (marinho laranja 27/28);2546293-marinholaranja;5;paused;foto e do 2874.407 preto/neon (modelo e cor errados)
FOTO ERRADA;MLB7584834134;Babuche Molekinho 2874.202 Gaspea Eva Laranja 29 Br;Molekinho;2874.202 GASPEA EVA;Laranja;29;01026329;babuche molekinho 2874.202 gaspea eva (marinho laranja 29/30);2546293-marinholaranja;7;paused;foto e do 2874.407 preto/neon (modelo e cor errados)
FOTO ERRADA;MLB7584845224;Babuche Molekinho 2874.202 Gaspea Eva Laranja 30 Br;Molekinho;2874.202 GASPEA EVA;Laranja;30;01026329;babuche molekinho 2874.202 gaspea eva (marinho laranja 29/30);2546293-marinholaranja;7;paused;foto e do 2874.407 preto/neon (modelo e cor errados)
FOTO ERRADA;MLB7584858348;Babuche Molekinho 2874.202 Gaspea Eva Laranja 31 Br;Molekinho;2874.202 GASPEA EVA;Laranja;31;01026331;babuche molekinho 2874.202 gaspea eva (marinho laranja 31/32);2546293-marinholaranja;14;paused;foto e do 2874.407 preto/neon (modelo e cor errados)
FOTO ERRADA;MLB7584834414;Babuche Molekinho 2874.202 Gaspea Eva Laranja 32 Br;Molekinho;2874.202 GASPEA EVA;Laranja;32;01026331;babuche molekinho 2874.202 gaspea eva (marinho laranja 31/32);2546293-marinholaranja;14;paused;foto e do 2874.407 preto/neon (modelo e cor errados)
FOTO ERRADA;MLB7584845268;Babuche Molekinho 2874.202 Gaspea Eva Laranja 33 Br;Molekinho;2874.202 GASPEA EVA;Laranja;33;01026333;babuche molekinho 2874.202 gaspea eva (marinho laranja 33/34);2546293-marinholaranja;14;paused;foto e do 2874.407 preto/neon (modelo e cor errados)
FOTO ERRADA;MLB7584834458;Babuche Molekinho 2874.202 Gaspea Eva Laranja 34 Br;Molekinho;2874.202 GASPEA EVA;Laranja;34;01026333;babuche molekinho 2874.202 gaspea eva (marinho laranja 33/34);2546293-marinholaranja;14;paused;foto e do 2874.407 preto/neon (modelo e cor errados)
FOTO ERRADA;MLB7584834270;Babuche Molekinho 2874.202 Gaspea Eva Laranja 35 Br;Molekinho;2874.202 GASPEA EVA;Laranja;35;01026335;babuche molekinho 2874.202 gaspea eva (marinho laranja 35/36);2546293-marinholaranja;12;paused;foto e do 2874.407 preto/neon (modelo e cor errados)
FOTO ERRADA;MLB7584858290;Babuche Molekinho 2874.202 Gaspea Eva Laranja 36 Br;Molekinho;2874.202 GASPEA EVA;Laranja;36;01026335;babuche molekinho 2874.202 gaspea eva (marinho laranja 35/36);2546293-marinholaranja;13;paused;foto e do 2874.407 preto/neon (modelo e cor errados)
FOTO ERRADA;MLB5195211445;Babuche Molekinho 2874.202 Gaspea Eva Preto 27 Br;Molekinho;2874.202 Gaspea Eva;Preto;27;01026227;babuche molekinho 2874.202 gaspea eva (preto amarelo neon 27/28);2546293-pretoamareloneon;8;paused;foto e do 2874.407 marinho/laranja (modelo e cor errados)
FOTO ERRADA;MLB5195224185;Babuche Molekinho 2874.202 Gaspea Eva Preto 28 Br;Molekinho;2874.202 Gaspea Eva;Preto;28;01026227;babuche molekinho 2874.202 gaspea eva (preto amarelo neon 27/28);2546293-pretoamareloneon;8;paused;foto e do 2874.407 marinho/laranja (modelo e cor errados)
FOTO ERRADA;MLB5195224199;Babuche Molekinho 2874.202 Gaspea Eva Preto 29 Br;Molekinho;2874.202 Gaspea Eva;Preto;29;01026229;babuche molekinho 2874.202 gaspea eva (preto amarelo neon 29/30);2546293-pretoamareloneon;7;paused;foto e do 2874.407 marinho/laranja (modelo e cor errados)
FOTO ERRADA;MLB5195211469;Babuche Molekinho 2874.202 Gaspea Eva Preto 30 Br;Molekinho;2874.202 Gaspea Eva;Preto;30;01026229;babuche molekinho 2874.202 gaspea eva (preto amarelo neon 29/30);2546293-pretoamareloneon;7;paused;foto e do 2874.407 marinho/laranja (modelo e cor errados)
FOTO ERRADA;MLB5195224237;Babuche Molekinho 2874.202 Gaspea Eva Preto 31 Br;Molekinho;2874.202 Gaspea Eva;Preto;31;01026231;babuche molekinho 2874.202 gaspea eva (preto amarelo neon 31/32);2546293-pretoamareloneon;13;paused;foto e do 2874.407 marinho/laranja (modelo e cor errados)
FOTO ERRADA;MLB7597402104;Babuche Molekinho 2874.202 Gaspea Eva Preto 32 Br;Molekinho;2874.202 Gaspea Eva;Preto;32;01026231;babuche molekinho 2874.202 gaspea eva (preto amarelo neon 31/32);2546293-pretoamareloneon;13;paused;foto e do 2874.407 marinho/laranja (modelo e cor errados)
FOTO ERRADA;MLB5195224169;Babuche Molekinho 2874.202 Gaspea Eva Preto 33 Br;Molekinho;2874.202 Gaspea Eva;Preto;33;01026233;babuche molekinho 2874.202 gaspea eva (preto amarelo neon 33/34);2546293-pretoamareloneon;14;paused;foto e do 2874.407 marinho/laranja (modelo e cor errados)
FOTO ERRADA;MLB7597402170;Babuche Molekinho 2874.202 Gaspea Eva Preto 34 Br;Molekinho;2874.202 Gaspea Eva;Preto;34;01026233;babuche molekinho 2874.202 gaspea eva (preto amarelo neon 33/34);2546293-pretoamareloneon;14;paused;foto e do 2874.407 marinho/laranja (modelo e cor errados)
FOTO ERRADA;MLB5195224131;Babuche Molekinho 2874.202 Gaspea Eva Preto 35 Br;Molekinho;2874.202 Gaspea Eva;Preto;35;01026235;babuche molekinho 2874.202 gaspea eva (preto amarelo neon 35/36);2546293-pretoamareloneon;16;paused;foto e do 2874.407 marinho/laranja (modelo e cor errados)
FOTO ERRADA;MLB7597402006;Babuche Molekinho 2874.202 Gaspea Eva Preto 36 Br;Molekinho;2874.202 Gaspea Eva;Preto;36;01026235;babuche molekinho 2874.202 gaspea eva (preto amarelo neon 35/36);2546293-pretoamareloneon;16;paused;foto e do 2874.407 marinho/laranja (modelo e cor errados)
FOTO ERRADA;MLB7584960212;Babuche Led Infantil Molekinho 2874.40 Amarelo 27 Br;Molekinho;2874.204 GAS/INJET;Amarelo;27;01036827;babuche molekinho 2874.204 gas/injet (102997preto/amarelo/neon 27/28);2550276-102997pretoamareloneon;1;paused;foto e o babuche marinho/laranja de outro modelo
FOTO ERRADA;MLB7584973054;Babuche Led Infantil Molekinho 2874.40 Amarelo 28 Br;Molekinho;2874.204 GAS/INJET;Amarelo;28;01036827;babuche molekinho 2874.204 gas/injet (102997preto/amarelo/neon 27/28);2550276-102997pretoamareloneon;2;paused;foto e o babuche marinho/laranja de outro modelo
FOTO ERRADA;MLB7584960278;Babuche Led Infantil Molekinho 2874.40 Amarelo 30 Br;Molekinho;2874.204 GAS/INJET;Amarelo;30;01036829;babuche molekinho 2874.204 gas/injet (102997preto/amarelo/neon 29/30);2550276-102997pretoamareloneon;1;paused;foto e o babuche marinho/laranja de outro modelo
FOTO ERRADA;MLB7584948984;Babuche Led Infantil Molekinho 2874.40 Amarelo 31 Br;Molekinho;2874.204 GAS/INJET;Amarelo;31;01036831;babuche molekinho 2874.204 gas/injet (102997preto/amarelo/neon 31/32);2550276-102997pretoamareloneon;1;paused;foto e o babuche marinho/laranja de outro modelo
FOTO ERRADA;MLB7584949024;Babuche Led Infantil Molekinho 2874.40 Amarelo 32 Br;Molekinho;2874.204 GAS/INJET;Amarelo;32;01036831;babuche molekinho 2874.204 gas/injet (102997preto/amarelo/neon 31/32);2550276-102997pretoamareloneon;1;paused;foto e o babuche marinho/laranja de outro modelo
FOTO ERRADA;MLB7584960392;Babuche Led Infantil Molekinho 2874.40 Amarelo 33 Br;Molekinho;2874.204 GAS/INJET;Amarelo;33;01036833;babuche molekinho 2874.204 gas/injet (102997preto/amarelo/neon 33/34);2550276-102997pretoamareloneon;1;paused;foto e o babuche marinho/laranja de outro modelo
FOTO ERRADA;MLB7584960420;Babuche Led Infantil Molekinho 2874.40 Amarelo 34 Br;Molekinho;2874.204 GAS/INJET;Amarelo;34;01036833;babuche molekinho 2874.204 gas/injet (102997preto/amarelo/neon 33/34);2550276-102997pretoamareloneon;2;paused;foto e o babuche marinho/laranja de outro modelo
FOTO ERRADA;MLB7584960442;Babuche Led Infantil Molekinho 2874.40 Amarelo 35 Br;Molekinho;2874.204 GAS/INJET;Amarelo;35;01036835;babuche molekinho 2874.204 gas/injet (102997preto/amarelo/neon 35/36);2550276-102997pretoamareloneon;3;paused;foto e o babuche marinho/laranja de outro modelo
FOTO ERRADA;MLB7584949156;Babuche Led Infantil Molekinho 2874.40 Amarelo 36 Br;Molekinho;2874.204 GAS/INJET;Amarelo;36;01036835;babuche molekinho 2874.204 gas/injet (102997preto/amarelo/neon 35/36);2550276-102997pretoamareloneon;3;paused;foto e o babuche marinho/laranja de outro modelo
