agrupador;produto;cor;pares;cores_produto;fotos_total_produto;cores_com_pasta;sobra;veredito
2360426-SLPINKFEVER;Chinelo Havaianas Slim Liso;sl pink fever 33/34;39;16;63;1;55;investigar pasta da cor irma
2360426-SLBRANCO;Chinelo Havaianas Slim Liso;sl branco 33/34;35;16;63;1;55;investigar pasta da cor irma
2360426-rosagumrosagummetal;Chinelo Havaianas Slim Liso;rosa gum/rosa gum metal 33/34;27;16;63;1;55;investigar pasta da cor irma
2360426-wildlime;Chinelo Havaianas Slim Liso;wild lime 33/34;27;16;63;1;55;investigar pasta da cor irma
2360426-SLPRETO;Chinelo Havaianas Slim Liso;sl preto 33/34;24;16;63;1;55;investigar pasta da cor irma
2360426-SLROSEGOLD;Chinelo Havaianas Slim Liso;sl rose gold 33/34;20;16;63;1;55;investigar pasta da cor irma
2360426-laranjasunsetslimlis;Chinelo Havaianas Slim Liso;laranja sunset slim lis 33/34;14;16;63;1;55;investigar pasta da cor irma
2360426-SLROSABALLET;Chinelo Havaianas Slim Liso;sl rosa ballet 33/34;13;16;63;1;55;investigar pasta da cor irma
2360426-rosachiffonsllis;Chinelo Havaianas Slim Liso;rosa chiffon sl lis 33/34;13;16;63;1;55;investigar pasta da cor irma
2360426-SLAREIADOURADO;Chinelo Havaianas Slim Liso;sl areia/dourado 33/34;9;16;63;1;55;investigar pasta da cor irma
2360426-SLIMLISOVERDEMATCHA;Chinelo Havaianas Slim Liso;slim liso verde matcha 33/34;3;16;63;1;55;investigar pasta da cor irma
2360426-sllisazulbrilhante;Chinelo Havaianas Slim Liso;sl lis azul brilhante 33/34;3;16;63;1;55;investigar pasta da cor irma
2360426-SLIMLISOPESSEGO;Chinelo Havaianas Slim Liso;slim liso pessego 33/34;1;16;63;1;55;investigar pasta da cor irma
2361827-TOPLMARINHO;Chinelo Havaianas Top Liso;top l marinho 33/34;32;8;51;1;43;investigar pasta da cor irma
2361827-vermelhoapachetopli;Chinelo Havaianas Top Liso;vermelho apache top li 33/34;15;8;51;1;43;investigar pasta da cor irma
2361827-TOPLISOCINZAACO;Chinelo Havaianas Top Liso;top liso cinza aco 33/34;1;8;51;1;43;investigar pasta da cor irma
2035241-7142.106-CAMEL1165;Chinelo Tamanco Modare 7142.106 NP/Sense Flex;7142.106 - CAMEL 1165 33;51;6;41;1;33;investigar pasta da cor irma
2035241-96782.PRETO01CAMEL1165;Chinelo Tamanco Modare 7142.106 NP/Sense Flex;96782.PRETO 01/CAMEL 1165 33;47;6;41;1;33;investigar pasta da cor irma
2035241-96783.NUDE658CAMEL1165;Chinelo Tamanco Modare 7142.106 NP/Sense Flex;96783.NUDE 658/CAMEL1165 33;46;6;41;1;33;investigar pasta da cor irma
2035241-102465avelacamelt;Chinelo Tamanco Modare 7142.106 NP/Sense Flex;102465 avela/camel t 33;24;6;41;1;33;investigar pasta da cor irma
2035241-15745preto;Chinelo Tamanco Modare 7142.106 NP/Sense Flex;15745 preto 33;1;6;41;1;33;investigar pasta da cor irma
2391440-pointferrungemsmokgree;Chinelo Havaianas Slim Point;point ferrungem/smok gree 33/34;7;5;27;1;19;investigar pasta da cor irma
2391440-pointcinzaaco;Chinelo Havaianas Slim Point;point cinza aco 33/34;3;5;27;1;19;investigar pasta da cor irma
2391440-pointrosagumcoraltrop;Chinelo Havaianas Slim Point;point rosa gum/coral trop 33/34;3;5;27;1;19;investigar pasta da cor irma
2391440-pointrosegoldbegepalh;Chinelo Havaianas Slim Point;point rose gold/bege palh 33/34;2;5;27;1;19;investigar pasta da cor irma
2447312-verdesalvia;Tamanco Slide Modare 7215.102 Suprema;verde salvia 35;15;2;26;1;18;investigar pasta da cor irma
2388326-100COREBRANCOBRAPRETO;Chinelo Slide Under Armour 3027787 UA Core 2;100core branco/bra/preto 35/36;57;3;24;1;16;investigar pasta da cor irma
2388326-purplepurplenebula;Chinelo Slide Under Armour 3027787 UA Core 2;purple/purple/nebula 35/36;1;3;24;1;16;investigar pasta da cor irma
2601946-16143pretopretopreto;Tenis Feminino Actvitta 4841.103 Loc Salem;16143 preto/preto/preto 34;39;2;22;1;14;investigar pasta da cor irma
2359737-squcafe;Chinelo Feminino Havaianas Slim Square Liso;squ cafe 33/34;48;6;20;1;12;investigar pasta da cor irma
2362313-marinhobr;Chinelo Havaianas Brasil;marinho br 33/34;40;5;20;1;12;investigar pasta da cor irma
2362313-AZULNAVALHAVBR;Chinelo Havaianas Brasil;azul naval hav br 33/34;34;5;20;1;12;investigar pasta da cor irma
2359737-SQUAREPRETO;Chinelo Feminino Havaianas Slim Square Liso;square preto 33/34;26;6;20;1;12;investigar pasta da cor irma
2359737-smokegreensquare;Chinelo Feminino Havaianas Slim Square Liso;smoke green square 33/34;20;6;20;1;12;investigar pasta da cor irma
2359737-canyonclayn;Chinelo Feminino Havaianas Slim Square Liso;canyon clay n 33/34;15;6;20;1;12;investigar pasta da cor irma
2568459-15745preto01;Rasteira Feminina Vizzano 6553.101 Napa Garda;15745 preto01 34;2;2;20;1;12;investigar pasta da cor irma
2600635-by989marrommarrom;Chinelo Cartago Masculino 12640 Durban;by989 marrom/marrom 37/38;47;2;18;1;10;investigar pasta da cor irma
2598698-15745pretocalf;Chinelo Rasteira Feminina Slide Vizzano 6371.367 Napa Calf;15745 preto calf 34;3;3;18;1;10;investigar pasta da cor irma
2598698-104068moccacalf13;Chinelo Rasteira Feminina Slide Vizzano 6371.367 Napa Calf;104068 mocca calf13 34;3;3;18;1;10;investigar pasta da cor irma
2568442-85432pretocristalpreto;Rasteira Feminina Vizzano 6371.1005 Pelica;85432 preto/cristal/preto 34;18;3;17;1;9;investigar pasta da cor irma
2568442-109616chocolate;Rasteira Feminina Vizzano 6371.1005 Pelica;109616 chocolate 34;4;3;17;1;9;investigar pasta da cor irma
2368040-bs786;Chinelo Cartago 12158 Dallas Tiras Largas;bs786 37/38;70;3;16;1;8;investigar pasta da cor irma
2664207-ca113marrommarrom;Chinelo Dedo Masculino Cartago 12578 Sintra;ca113 marrom/marrom 37/38;60;2;16;1;8;investigar pasta da cor irma
2666608-cd051marrommarrom;Chinelo Dedo Masculino Cartago 12706 Ravena;cd051 marrom/marrom 37/38;60;2;16;1;8;investigar pasta da cor irma
2368040-bm371azulvermelho;Chinelo Cartago 12158 Dallas Tiras Largas;bm371 azul/vermelho 37/38;6;3;16;1;8;investigar pasta da cor irma
2640259-cb548marromurso;Chinelo Slide Nuvem Zaxy Air 19419;cb548 marrom urso 33/34;23;3;15;1;7;investigar pasta da cor irma
2640259-cb547offwhitemedio;Chinelo Slide Nuvem Zaxy Air 19419;cb547 off white medio 33/34;22;3;15;1;7;investigar pasta da cor irma
2620426-by047preto;Papete Slide Feminina Zaxy 19359 Mood;by047 preto 33/34;12;2;15;1;7;investigar pasta da cor irma
2366747-AS401CATLPRETOPRETO;Chinelo Cartago 11840 Atlanta;as401c/atl preto/preto 37/38;45;2;14;1;6;investigar pasta da cor irma
2342603-FLAV596PRETO;Tamanco Azaleia 18908 Fabi Light;FL AV596 PRETO 33/34;31;4;14;1;6;investigar pasta da cor irma
2342603-marromcafe;Tamanco Azaleia 18908 Fabi Light;marrom cafe 33/34;18;4;14;1;6;investigar pasta da cor irma
2342603-AZ804COBRENUDEESCURO;Tamanco Azaleia 18908 Fabi Light;AZ804 COBRE/NUDE ESCURO 33/34;1;4;14;1;6;investigar pasta da cor irma
2652172-15745pretoa11;Tamanco Plataforma Feminino Modare 7226.101 Nob Ultra;15745 preto a11 33;24;2;12;1;4;pasta sem sobra - pedir foto
2647725-15745pretosll;Chinelo Slide Feminino Actvitta EVA 4862.100;15745 preto sll 33;14;3;12;1;4;pasta sem sobra - pedir foto
2363773-DUALPRETOCINZAACO;Chinelo Havaianas Dual;dual preto/cinza aco 35/36;10;4;12;1;4;pasta sem sobra - pedir foto
2647725-62016verdeagua;Chinelo Slide Feminino Actvitta EVA 4862.100;62016 verde agua 33;7;3;12;1;4;pasta sem sobra - pedir foto
2363773-VERDEOLIVEBRANCO;Chinelo Havaianas Dual;verde olive/branco 37/38;1;4;12;1;4;pasta sem sobra - pedir foto
2366748-ay832marrombege;Chinelo Dedo Cartago 12432 Atlanta II;ay832 marrom/bege 37/38;62;2;10;1;2;pasta sem sobra - pedir foto
2640234-15745pretoa4;Papete Slide Feminina Moleca Suprema 5490.132;15745 preto a4 33;18;2;10;1;2;pasta sem sobra - pedir foto
2644016-15745pretoa6;Sandalia Papete Feminino Modare London 7200.113;15745 preto a6 33;13;2;10;1;2;pasta sem sobra - pedir foto
2363772-HAV.ALOMARINHOMARINHO;Chinelo Havaianas Aloha 24/25;hav.alo/marinho/marinho 37/38;22;3;9;1;1;pasta sem sobra - pedir foto
2363772-HAV.ALOPRETOPRETOCZ;Chinelo Havaianas Aloha 24/25;hav.alo/preto/preto/cz 37/38;14;3;9;1;1;pasta sem sobra - pedir foto
2363789-TBASICMARINHOMARBRANC;Chinelo Havaianas Top Basic;t basic marinho/mar/branc 35/36;9;3;9;1;1;pasta sem sobra - pedir foto
2344016-52531NUDENOBU;Papete Slide Modare 7208.101 Nobuck;52531 nude  nobu 33;41;5;0;0;0;sem foto em lugar nenhum
2619942-35312brancooffa;Papete Slide Feminina Moleca 5500.125 New Nancy;35312 branco off a 33;19;2;8;1;0;pasta sem sobra - pedir foto
2658055-pretocinza102156;Tenis Casual Feminino Actvitta Australia 4841.100;preto/cinza 102156 33;11;2;8;1;0;pasta sem sobra - pedir foto
2550276-105739marinholaranja;Babuche Molekinho 2874.204 gas/injet;105739 marinho/laranja 23/24;9;2;7;1;-1;pasta sem sobra - pedir foto
