"Id Anuncio";"Código Marketplace";"Id Marketplace";"Conf. Loja Marketplace";Loja;"Id Derivação";"Código Produto";Produto;Derivação;Título;EAN;"Id Preço";"Preço Antigo";Preço;"Preço Custo Médio";"Preço Custo Atual";Estoque;"Redutor Estoque";"Sit. Envio";Ativo;"Prazo Expedição";"Origem Prazo Expedição";"Data Envio";
1186;1737327062323660117;67;"7 - Chinelaria Leilane Neves x TikTok Shop";"1 - Chinelaria Leilane Neves";63012;2650850;"Chinelo Dedo Feminino Havaianas Slim Glitter II";;"Chinelo Dedo Feminino Havaianas Slim Glitter II";;31367;0,00;89,90;0,00;0,00;61;1;Enviado;Sim;0;;"02/09/2026 14:54:08";https://shop.tiktok.com/view/product/1737327062323660117?region=BR&locale=pt-BR&source=seller_center&no-cache=1&e=1
1185;1737325768600880469;67;"7 - Chinelaria Leilane Neves x TikTok Shop";"1 - Chinelaria Leilane Neves";57384;2548926;"Tênis Modare 7401.102 London";;"Tênis Feminino Casual Modare 7401.102 London";;31366;0,00;242,90;0,00;0,00;68;1;Enviado;Sim;0;;"02/09/2026 12:01:19";https://shop.tiktok.com/view/product/1737325768600880469?region=BR&locale=pt-BR&source=seller_center&no-cache=1&e=1
1184;1737310464371426645;67;"7 - Chinelaria Leilane Neves x TikTok Shop";"1 - Chinelaria Leilane Neves";65448;2673337;"Tenis Casual Feminino Modare Suprema 7401.104";;"Tenis Casual Feminino Modare Suprema 7401.104";;31350;0,00;226,90;0,00;0,00;24;1;Enviado;Sim;0;;"01/09/2026 13:41:21";https://shop.tiktok.com/view/product/1737310464371426645?region=BR&locale=pt-BR&source=seller_center&no-cache=1&e=1
1183;1737308306636899669;67;"7 - Chinelaria Leilane Neves x TikTok Shop";"1 - Chinelaria Leilane Neves";65432;2673330;"Papete Slide Feminino Modare Micr Perf s 7208.101";;"Papete Slide Feminino Rosa Ortopédica Modare Micro Perfuros";;31341;0,00;147,90;0,00;0,00;64;1;Enviado;Sim;0;;"01/09/2026 09:55:03";https://shop.tiktok.com/view/product/1737308306636899669?region=BR&locale=pt-BR&source=seller_center&no-cache=1&e=1
1182;1737294647402399061;67;"7 - Chinelaria Leilane Neves x TikTok Shop";"1 - Chinelaria Leilane Neves";65373;2673313;"Papete Slide Feminino Modare Tresse 7208.101";;"Papete Slide Feminino Modare 7208.101";;31340;0,00;152,90;0,00;0,00;626;1;Enviado;Sim;0;;"31/08/2026 16:36:52";https://shop.tiktok.com/view/product/1737294647402399061?region=BR&locale=pt-BR&source=seller_center&no-cache=1&e=1
1181;1737288534349481301;67;"7 - Chinelaria Leilane Neves x TikTok Shop";"1 - Chinelaria Leilane Neves";65152;2669797;"Tenis Sport Infantil Molekinha 2584.214 Kansas";;"Tenis Sport Infantil Menina Molekinha 2584.214 Kansas";;31291;0,00;184,90;0,00;0,00;24;1;Enviado;Sim;0;;"31/08/2026 09:20:18";https://shop.tiktok.com/view/product/1737288534349481301?region=BR&locale=pt-BR&source=seller_center&no-cache=1&e=1
1180;1737241570504705365;67;"7 - Chinelaria Leilane Neves x TikTok Shop";"1 - Chinelaria Leilane Neves";53419;2487172;"Bolsa Molekinha 20019.2 Lurex";;"Bolsa infantil menina Molekinha 20019.2 Lurex";;31179;0,00;120,90;0,00;0,00;8;1;Enviado;Sim;0;;"27/08/2026 14:57:52";https://shop.tiktok.com/view/product/1737241570504705365?region=BR&locale=pt-BR&source=seller_center&no-cache=1&e=1
1179;1737225644593349973;67;"7 - Chinelaria Leilane Neves x TikTok Shop";"1 - Chinelaria Leilane Neves";65183;2670378;"Chinelo Customizado Havaianas Top Liso+Cereja+Logo";;"Chinelo Havaianas Top Liso Branco com Piercing Cereja";;31174;0,00;84,90;0,00;0,00;42;1;Enviado;Sim;0;;"26/08/2026 13:34:47";https://shop.tiktok.com/view/product/1737225644593349973?region=BR&locale=pt-BR&source=seller_center&no-cache=1&e=1
1178;1737225464745526613;67;"7 - Chinelaria Leilane Neves x TikTok Shop";"1 - Chinelaria Leilane Neves";64757;2664229;"Chinelo Dedo Baby Menino Rider 12674 Core M";;"Chinelo Dedo Baby Menino Rider Preto 12674";;31173;0,00;36,90;0,00;0,00;65;1;Enviado;Sim;0;;"26/08/2026 13:12:38";https://shop.tiktok.com/view/product/1737225464745526613?region=BR&locale=pt-BR&source=seller_center&no-cache=1&e=1
1177;1737225393324524885;67;"7 - Chinelaria Leilane Neves x TikTok Shop";"1 - Chinelaria Leilane Neves";64758;2664228;"Chinelo Dedo Baby Menina Rider 12674 Core F";;"Chinelo Dedo Baby Menina Rider Rosa 12674";;31172;0,00;36,90;0,00;0,00;23;1;Enviado;Sim;0;;"26/08/2026 13:07:20";https://shop.tiktok.com/view/product/1737225393324524885?region=BR&locale=pt-BR&source=seller_center&no-cache=1&e=1
1176;1737224708019946837;67;"7 - Chinelaria Leilane Neves x TikTok Shop";"1 - Chinelaria Leilane Neves";63662;2657245;"Tenis Casual Feminino Modare Suprema 7417.102";;"Tenis Casual Feminino Modare Suprema 7417.102 branco/bege";;31164;0,00;300,90;0,00;0,00;10;1;Enviado;Sim;0;;"26/08/2026 12:09:50";https://shop.tiktok.com/view/product/1737224708019946837?region=BR&locale=pt-BR&source=seller_center&no-cache=1&e=1
1175;1737192458254058837;67;"7 - Chinelaria Leilane Neves x TikTok Shop";"1 - Chinelaria Leilane Neves";62167;2644016;"Sandalia Papete Feminino Modare London 7200.113";;"Sandalia Papete Feminino Modare London 7200.113";;31124;0,00;184,90;0,00;0,00;34;1;Enviado;Sim;0;;"24/08/2026 10:07:23";https://shop.tiktok.com/view/product/1737192458254058837?region=BR&locale=pt-BR&source=seller_center&no-cache=1&e=1
1174;1737155429703124309;67;"7 - Chinelaria Leilane Neves x TikTok Shop";"1 - Chinelaria Leilane Neves";60971;2607927;"Chinelo Baby Dedo Masculino Havaianas Brasil Logo BM";;"Chinelo Baby Dedo Masculino Havaianas Brasil Logo BM blog";;31097;0,00;60,90;0,00;0,00;58;1;Enviado;Sim;0;;"21/08/2026 19:57:45";https://shop.tiktok.com/view/product/1737155429703124309?region=BR&locale=pt-BR&source=seller_center&no-cache=1&e=1
1173;1737151457974322517;67;"7 - Chinelaria Leilane Neves x TikTok Shop";"1 - Chinelaria Leilane Neves";64588;2664065;"Chinelo Slide Masculino Rider 12529 R Soft Plus";;"Chinelo Slide Masculino Rider 12529 R Soft Plus";;31096;0,00;163,90;0,00;0,00;43;1;Enviado;Sim;0;;"21/08/2026 11:22:43";https://shop.tiktok.com/view/product/1737151457974322517?region=BR&locale=pt-BR&source=seller_center&no-cache=1&e=1
1172;1737151409206756693;67;"7 - Chinelaria Leilane Neves x TikTok Shop";"1 - Chinelaria Leilane Neves";64917;2667102;"Chinelo Dedo Feminino Ipanema 27573 Shine Pin";;"Chinelo Dedo Feminino Ipanema 27573 Shine Pin";;31095;0,00;41,90;0,00;0,00;69;1;Enviado;Sim;0;;"21/08/2026 11:14:34";https://shop.tiktok.com/view/product/1737151409206756693?region=BR&locale=pt-BR&source=seller_center&no-cache=1&e=1
1171;1737151371348444501;67;"7 - Chinelaria Leilane Neves x TikTok Shop";"1 - Chinelaria Leilane Neves";64632;2664154;"Sandalia Papete Feminino Ipanema 27572 Shine";;"Sandalia Papete Feminino Ipanema 27572 Shine";;31094;0,00;57,90;0,00;0,00;103;1;Enviado;Sim;0;;"21/08/2026 11:10:37";https://shop.tiktok.com/view/product/1737151371348444501?region=BR&locale=pt-BR&source=seller_center&no-cache=1&e=1
1170;1737137634324874581;67;"7 - Chinelaria Leilane Neves x TikTok Shop";"1 - Chinelaria Leilane Neves";64516;2660653;"Sandalia Plataforma Feminino Zaxy Conectada Up19409";;"Sandalia Plataforma Feminino Zaxy Conectada";;31058;0,00;194,90;0,00;0,00;43;1;Enviado;Sim;0;;"20/08/2026 14:59:28";https://shop.tiktok.com/view/product/1737137634324874581?region=BR&locale=pt-BR&source=seller_center&no-cache=1&e=1
1169;1737155418534151509;67;"7 - Chinelaria Leilane Neves x TikTok Shop";"1 - Chinelaria Leilane Neves";61308;2620862;"Chinelo Infantil Dedo Cartago 11858 Alabama Ki";;;;31035;0,00;62,90;0,00;0,00;47;1;Enviado;Sim;0;;"21/08/2026 19:55:47";https://shop.tiktok.com/view/product/1737155418534151509?region=BR&locale=pt-BR&source=seller_center&no-cache=1&e=1
1161;1737155434681566549;67;"7 - Chinelaria Leilane Neves x TikTok Shop";"1 - Chinelaria Leilane Neves";60249;2600712;"Chinelo Masculino Cartago 12612 Belgrado";;;;31027;0,00;88,90;0,00;0,00;33;1;Enviado;Sim;0;;"21/08/2026 19:56:37";https://shop.tiktok.com/view/product/1737155434681566549?region=BR&locale=pt-BR&source=seller_center&no-cache=1&e=1
1153;1737155417854543189;67;"7 - Chinelaria Leilane Neves x TikTok Shop";"1 - Chinelaria Leilane Neves";64873;2666713;"Chinelo Dedo Masculino Cartago 12777 Lugano";;;;31019;0,00;46,90;0,00;0,00;83;1;Enviado;Sim;0;;"21/08/2026 19:54:06";https://shop.tiktok.com/view/product/1737155417854543189?region=BR&locale=pt-BR&source=seller_center&no-cache=1&e=1
1152;1737151397723145557;67;"7 - Chinelaria Leilane Neves x TikTok Shop";"1 - Chinelaria Leilane Neves";64840;2666608;"Chinelo Dedo Masculino Cartago 12706 Ravena";;;;31018;0,00;78,90;0,00;0,00;120;1;Enviado;Sim;0;;"21/08/2026 11:17:06";https://shop.tiktok.com/view/product/1737151397723145557?region=BR&locale=pt-BR&source=seller_center&no-cache=1&e=1
1151;1737155417447892309;67;"7 - Chinelaria Leilane Neves x TikTok Shop";"1 - Chinelaria Leilane Neves";64711;2664207;"Chinelo Dedo Masculino Cartago 12578 Sintra";;;;31017;0,00;110,90;0,00;0,00;120;1;Enviado;Sim;0;;"21/08/2026 19:52:34";https://shop.tiktok.com/view/product/1737155417447892309?region=BR&locale=pt-BR&source=seller_center&no-cache=1&e=1
1150;1737155404805277013;67;"7 - Chinelaria Leilane Neves x TikTok Shop";"1 - Chinelaria Leilane Neves";60654;2604780;"Chinelo Dedo Masculino Cartago 12632 Denver";;;;31016;0,00;120,90;0,00;0,00;53;1;Enviado;Sim;0;;"21/08/2026 19:55:10";https://shop.tiktok.com/view/product/1737155404805277013?region=BR&locale=pt-BR&source=seller_center&no-cache=1&e=1
1149;1737155393667695957;67;"7 - Chinelaria Leilane Neves x TikTok Shop";"1 - Chinelaria Leilane Neves";60204;2600635;"Chinelo Cartago Masculino 12640 Durban";;;;31015;0,00;64,90;0,00;0,00;99;1;Enviado;Sim;0;;"21/08/2026 19:49:56";https://shop.tiktok.com/view/product/1737155393667695957?region=BR&locale=pt-BR&source=seller_center&no-cache=1&e=1
1148;1737155411863176533;67;"7 - Chinelaria Leilane Neves x TikTok Shop";"1 - Chinelaria Leilane Neves";60159;2600630;"Chinelo Masculino Cartago 12643 Monterrey";;;;31014;0,00;53,90;0,00;0,00;40;1;Enviado;Sim;0;;"21/08/2026 19:55:31";https://shop.tiktok.com/view/product/1737155411863176533?region=BR&locale=pt-BR&source=seller_center&no-cache=1&e=1
1147;1737155403539776853;67;"7 - Chinelaria Leilane Neves x TikTok Shop";"1 - Chinelaria Leilane Neves";56036;2544990;"Chinelo Cartago 12620 Malta Vll";;;;31013;0,00;99,90;0,00;0,00;47;1;Enviado;Sim;0;;"21/08/2026 19:56:01";https://shop.tiktok.com/view/product/1737155403539776853?region=BR&locale=pt-BR&source=seller_center&no-cache=1&e=1
1146;1737155426300167509;67;"7 - Chinelaria Leilane Neves x TikTok Shop";"1 - Chinelaria Leilane Neves";50231;2392305;"Chinelo Cartago 12516 Aspen";;;;31012;0,00;61,90;0,00;0,00;35;1;Enviado;Sim;0;;"21/08/2026 19:56:54";https://shop.tiktok.com/view/product/1737155426300167509?region=BR&locale=pt-BR&source=seller_center&no-cache=1&e=1
1145;1737155389289563477;67;"7 - Chinelaria Leilane Neves x TikTok Shop";"1 - Chinelaria Leilane Neves";43277;2368040;"Chinelo Cartago 12158 Dallas Tiras Largas";;;;31011;0,00;89,90;0,00;0,00;129;1;Enviado;Sim;0;;"21/08/2026 19:52:03";https://shop.tiktok.com/view/product/1737155389289563477?region=BR&locale=pt-BR&source=seller_center&no-cache=1&e=1
1144;1737155417859261781;67;"7 - Chinelaria Leilane Neves x TikTok Shop";"1 - Chinelaria Leilane Neves";42241;2366748;"Chinelo Dedo Cartago 12432 Atlanta II ";;;;31010;0,00;46,90;0,00;0,00;99;1;Enviado;Sim;0;;"21/08/2026 19:53:08";https://shop.tiktok.com/view/product/1737155417859261781?region=BR&locale=pt-BR&source=seller_center&no-cache=1&e=1
1143;1737155418061636949;67;"7 - Chinelaria Leilane Neves x TikTok Shop";"1 - Chinelaria Leilane Neves";42240;2366747;"Chinelo Cartago 11840 Atlanta";;;;31009;0,00;46,90;0,00;0,00;77;1;Enviado;Sim;0;;"21/08/2026 19:53:43";https://shop.tiktok.com/view/product/1737155418061636949?region=BR&locale=pt-BR&source=seller_center&no-cache=1&e=1
1142;1737155418863535445;67;"7 - Chinelaria Leilane Neves x TikTok Shop";"1 - Chinelaria Leilane Neves";41845;2366259;"Chinelo Cartago 11859 Alabama 1";;;;31008;0,00;78,90;0,00;0,00;70;1;Enviado;Sim;0;;"21/08/2026 19:54:25";https://shop.tiktok.com/view/product/1737155418863535445?region=BR&locale=pt-BR&source=seller_center&no-cache=1&e=1
1128;1737155423989237077;67;"7 - Chinelaria Leilane Neves x TikTok Shop";"1 - Chinelaria Leilane Neves";61457;2635581;"Chinelo Infantil Dedo Havaianas Marvel II";;;;30994;0,00;83,90;0,00;0,00;34;1;Enviado;Sim;0;;"21/08/2026 19:57:14";https://shop.tiktok.com/view/product/1737155423989237077?region=BR&locale=pt-BR&source=seller_center&no-cache=1&e=1
1116;1737155401964356949;67;"7 - Chinelaria Leilane Neves x TikTok Shop";"1 - Chinelaria Leilane Neves";62995;2650838;"Chinelo Dedo Havaianas Top Senses";;;;30982;0,00;46,90;0,00;0,00;72;1;Enviado;Sim;0;;"21/08/2026 19:54:47";https://shop.tiktok.com/view/product/1737155401964356949?region=BR&locale=pt-BR&source=seller_center&no-cache=1&e=1
1111;1737155408355755349;67;"7 - Chinelaria Leilane Neves x TikTok Shop";"1 - Chinelaria Leilane Neves";58415;2561540;"Chinelo Feminino Dedo Havaianas Slim Glitter II";;;;30977;0,00;84,90;0,00;0,00;39;1;Enviado;Sim;0;;"21/08/2026 19:56:15";https://shop.tiktok.com/view/product/1737155408355755349?region=BR&locale=pt-BR&source=seller_center&no-cache=1&e=1
1108;1737155415822730581;67;"7 - Chinelaria Leilane Neves x TikTok Shop";"1 - Chinelaria Leilane Neves";50882;2398392;"Chinelo Havaianas Fantasia Style ||";;;;30974;0,00;39,90;0,00;0,00;29;1;Enviado;Sim;0;;"21/08/2026 19:57:24";https://shop.tiktok.com/view/product/1737155415822730581?region=BR&locale=pt-BR&source=seller_center&no-cache=1&e=1
1103;1737155396935976277;67;"7 - Chinelaria Leilane Neves x TikTok Shop";"1 - Chinelaria Leilane Neves";39082;2362304;"Chinelo Havaianas Tradicional";;;;30969;0,00;36,90;0,00;0,00;240;1;Enviado;Sim;0;;"21/08/2026 19:50:18";https://shop.tiktok.com/view/product/1737155396935976277?region=BR&locale=pt-BR&source=seller_center&no-cache=1&e=1
1102;1737155360566248789;67;"7 - Chinelaria Leilane Neves x TikTok Shop";"1 - Chinelaria Leilane Neves";59190;2583322;"Chinelo Infantil Cartago 12625 Palermo";;"Chinelo Infantil Menino Cartago 12625 Palermo";;30968;0,00;60,90;0,00;0,00;110;1;Enviado;Sim;0;;"21/08/2026 19:52:50";https://shop.tiktok.com/view/product/1737155360566248789?region=BR&locale=pt-BR&source=seller_center&no-cache=1&e=1
1101;1737102024026129749;67;"7 - Chinelaria Leilane Neves x TikTok Shop";"1 - Chinelaria Leilane Neves";49702;2388326;"Chinelo Slide Under Armour 3027787 UA Core 2";;"Chinelo Slide Under Armour 3027787";;30934;0,00;163,90;0,00;0,00;83;1;Enviado;Sim;0;;"18/08/2026 11:40:23";https://shop.tiktok.com/view/product/1737102024026129749?region=BR&locale=pt-BR&source=seller_center&no-cache=1&e=1
1100;1737087220513998165;67;"7 - Chinelaria Leilane Neves x TikTok Shop";"1 - Chinelaria Leilane Neves";64246;2659428;"Babuche Infantil Menina Kidstep Capivara 2169.109";;"Babuche Infantil Menina Kidstep Capivara 2169.109";;30883;0,00;46,90;0,00;0,00;20;1;Enviado;Sim;0;;"17/08/2026 12:11:56";https://shop.tiktok.com/view/product/1737087220513998165?region=BR&locale=pt-BR&source=seller_center&no-cache=1&e=1
1099;1736878931335873877;67;"7 - Chinelaria Leilane Neves x TikTok Shop";"1 - Chinelaria Leilane Neves";63915;2658077;"Tenis Sport Feminino Actvitta Australia 4863.302";;"Tenis Sport Feminino Actvitta Australia 4863.302 p";;30710;0,00;396,90;0,00;0,00;14;1;Enviado;Sim;0;;"04/08/2026 09:48:35";https://shop.tiktok.com/view/product/1736878931335873877?region=BR&locale=pt-BR&source=seller_center&no-cache=1&e=1
1098;1736809490340742485;67;"7 - Chinelaria Leilane Neves x TikTok Shop";"1 - Chinelaria Leilane Neves";63883;2658055;"Tenis Casual Feminino Actvitta Australia 4841.100";;;;30640;0,00;226,90;0,00;0,00;19;1;Enviado;Sim;0;;"31/07/2026 11:19:38";https://shop.tiktok.com/view/product/1736809490340742485?region=BR&locale=pt-BR&source=seller_center&no-cache=1&e=1
1097;1736809554938332501;67;"7 - Chinelaria Leilane Neves x TikTok Shop";"1 - Chinelaria Leilane Neves";62719;2647725;"Chinelo Slide Feminino Actvitta EVA 4862.100";;;;30639;0,00;99,90;0,00;0,00;33;1;Enviado;Sim;0;;"31/07/2026 11:19:07";https://shop.tiktok.com/view/product/1736809554938332501?region=BR&locale=pt-BR&source=seller_center&no-cache=1&e=1
1096;1736809567927436629;67;"7 - Chinelaria Leilane Neves x TikTok Shop";"1 - Chinelaria Leilane Neves";63456;2655011;"Tenis Sport Feminina Actvitta Australia 4849.202";;;;30638;0,00;269,90;0,00;0,00;14;1;Enviado;Sim;0;;"31/07/2026 11:19:56";https://shop.tiktok.com/view/product/1736809567927436629?region=BR&locale=pt-BR&source=seller_center&no-cache=1&e=1
1095;1736809601436058965;67;"7 - Chinelaria Leilane Neves x TikTok Shop";"1 - Chinelaria Leilane Neves";63914;2658078;"Tenis Sport Feminino Actvitta Ny Kansas 4863.400";;;;30637;0,00;385,90;0,00;0,00;12;1;Enviado;Sim;0;;"31/07/2026 11:20:08";https://shop.tiktok.com/view/product/1736809601436058965?region=BR&locale=pt-BR&source=seller_center&no-cache=1&e=1
1094;1736809572609656149;67;"7 - Chinelaria Leilane Neves x TikTok Shop";"1 - Chinelaria Leilane Neves";63946;2658119;"Sapatenis Actvitta Masculino Neo Beta 4929.101";;;;30636;0,00;194,90;0,00;0,00;21;1;Enviado;Sim;0;;"31/07/2026 11:20:19";https://shop.tiktok.com/view/product/1736809572609656149?region=BR&locale=pt-BR&source=seller_center&no-cache=1&e=1
1093;1736809572557751637;67;"7 - Chinelaria Leilane Neves x TikTok Shop";"1 - Chinelaria Leilane Neves";63555;2656876;"Tenis Esportivo Masculino Actvitta Kansas 4952.400";;;;30635;0,00;406,90;0,00;0,00;11;1;Enviado;Sim;0;;"31/07/2026 11:20:48";https://shop.tiktok.com/view/product/1736809572557751637?region=BR&locale=pt-BR&source=seller_center&no-cache=1&e=1
1092;1736809541705827669;67;"7 - Chinelaria Leilane Neves x TikTok Shop";"1 - Chinelaria Leilane Neves";63793;2657927;"Tenis Esportivo Masculino Actvitta Australia 4952.201";;;;30634;0,00;417,90;0,00;0,00;13;1;Enviado;Sim;0;;"31/07/2026 11:21:00";https://shop.tiktok.com/view/product/1736809541705827669?region=BR&locale=pt-BR&source=seller_center&no-cache=1&e=1
1091;1736809359549826389;67;"7 - Chinelaria Leilane Neves x TikTok Shop";"1 - Chinelaria Leilane Neves";64221;2659414;"Babuche menino Infantil Kidstep Dinossauro 2169.036";;;;30633;0,00;46,90;0,00;0,00;22;1;Enviado;Sim;0;;"31/07/2026 11:10:39";https://shop.tiktok.com/view/product/1736809359549826389?region=BR&locale=pt-BR&source=seller_center&no-cache=1&e=1
1090;1736809359549105493;67;"7 - Chinelaria Leilane Neves x TikTok Shop";"1 - Chinelaria Leilane Neves";64220;2659413;"Babuche Infantil Menino Kidstep Astronalta 2169.049";;;;30632;0,00;46,90;0,00;0,00;18;1;Enviado;Sim;0;;"31/07/2026 11:10:30";https://shop.tiktok.com/view/product/1736809359549105493?region=BR&locale=pt-BR&source=seller_center&no-cache=1&e=1
1088;1736809479499122005;67;"7 - Chinelaria Leilane Neves x TikTok Shop";"1 - Chinelaria Leilane Neves";64244;2659429;"Babuche Infantil Menina Kidstep Capivara 2169.098";;;;30630;0,00;46,90;0,00;0,00;14;1;Enviado;Sim;0;;"31/07/2026 11:10:08";https://shop.tiktok.com/view/product/1736809479499122005?region=BR&locale=pt-BR&source=seller_center&no-cache=1&e=1
1087;1736809479067174229;67;"7 - Chinelaria Leilane Neves x TikTok Shop";"1 - Chinelaria Leilane Neves";64245;2659430;"Babuche Infantil Menina Kidstep Margarida 2169.029";;;;30629;0,00;46,90;0,00;0,00;26;1;Enviado;Sim;0;;"31/07/2026 11:09:58";https://shop.tiktok.com/view/product/1736809479067174229?region=BR&locale=pt-BR&source=seller_center&no-cache=1&e=1
1086;1736809464083416405;67;"7 - Chinelaria Leilane Neves x TikTok Shop";"1 - Chinelaria Leilane Neves";64247;2659431;"Babuche Infantil Menina Kidstep Borboleta 2169.111";;;;30628;0,00;46,90;0,00;0,00;16;1;Enviado;Sim;0;;"31/07/2026 11:09:45";https://shop.tiktok.com/view/product/1736809464083416405?region=BR&locale=pt-BR&source=seller_center&no-cache=1&e=1
1084;1736793213563471189;67;"7 - Chinelaria Leilane Neves x TikTok Shop";"1 - Chinelaria Leilane Neves";64395;2659766;"Papete Slide Feminino Modare Nobuck Onça 7208.101";;"Papete Slide Feminino Modare Nobuck Onça 7208.101";;30626;0,00;152,90;0,00;0,00;196;1;Enviado;Sim;0;;"30/07/2026 10:58:55";https://shop.tiktok.com/view/product/1736793213563471189?region=BR&locale=pt-BR&source=seller_center&no-cache=1&e=1
1083;1735815411587515733;67;"7 - Chinelaria Leilane Neves x TikTok Shop";"1 - Chinelaria Leilane Neves";59395;2585111;"Babuche LED Infantil Molekinho 2874.407 EVA";;"Babuche LED Infantil Molekinho 2874.407";;30095;0,00;141,90;0,00;0,00;136;1;Enviado;Sim;0;;;https://shop.tiktok.com/view/product/1735815411587515733?region=BR&locale=pt-BR&source=seller_center&no-cache=1&e=1
1082;1736430197864564053;67;"7 - Chinelaria Leilane Neves x TikTok Shop";"1 - Chinelaria Leilane Neves";63112;2651931;"Tamanco Plataforma Feminino Modare 7226.102 Ultra Soft";;"Tamanco Plataforma Feminino Modare 7226.102";;29883;0,00;163,90;0,00;0,00;39;1;Enviado;Sim;0;;"07/07/2026 17:27:11";https://shop.tiktok.com/view/product/1736430197864564053?region=BR&locale=pt-BR&source=seller_center&no-cache=1&e=1
1081;1736429380888921429;67;"7 - Chinelaria Leilane Neves x TikTok Shop";"1 - Chinelaria Leilane Neves";63143;2652172;"Tamanco Plataforma Feminino Modare 7226.101 Nob Ultra";;"Tamanco Plataforma Feminino Modare 7226";;29882;0,00;163,90;0,00;0,00;48;1;Enviado;Sim;0;;"07/07/2026 17:27:34";https://shop.tiktok.com/view/product/1736429380888921429?region=BR&locale=pt-BR&source=seller_center&no-cache=1&e=1
560;1736214480062088533;67;"7 - Chinelaria Leilane Neves x TikTok Shop";"1 - Chinelaria Leilane Neves";55743;2544386;"Chinelo Dedo Ipanema 27507 Pluma";;"Chinelo Dedo Ipanema 27507 Pluma";;29055;0,00;41,90;0,00;0,00;59;1;Enviado;Sim;0;;"23/06/2026 15:12:54";https://shop.tiktok.com/view/product/1736214480062088533?region=BR&locale=pt-BR&source=seller_center&no-cache=1&e=1
559;1736214629899797845;67;"7 - Chinelaria Leilane Neves x TikTok Shop";"1 - Chinelaria Leilane Neves";37387;2358786;"Chinelo Havaianas Elegance Liso";;"Chinelo Havaianas Elegance Liso";;29054;0,00;30,90;0,00;0,00;16;1;Enviado;Sim;0;;"23/06/2026 15:13:26";https://shop.tiktok.com/view/product/1736214629899797845?region=BR&locale=pt-BR&source=seller_center&no-cache=1&e=1
558;1736215116033066325;67;"7 - Chinelaria Leilane Neves x TikTok Shop";"1 - Chinelaria Leilane Neves";49737;2389096;"Chinelo Slim Havaianas Elegance Print ";;"Chinelo Slim Havaianas Elegance Print";;29053;0,00;47,90;0,00;0,00;27;1;Enviado;Sim;0;;"23/06/2026 15:13:48";https://shop.tiktok.com/view/product/1736215116033066325?region=BR&locale=pt-BR&source=seller_center&no-cache=1&e=1
557;1736215151083881813;67;"7 - Chinelaria Leilane Neves x TikTok Shop";"1 - Chinelaria Leilane Neves";50918;2398720;"Chinelo Slim Havaianas Palette Glow 25/6";;"Chinelo Slim Havaianas Palette Glow";;29052;0,00;76,90;0,00;0,00;65;1;Enviado;Sim;0;;"23/06/2026 15:14:05";https://shop.tiktok.com/view/product/1736215151083881813?region=BR&locale=pt-BR&source=seller_center&no-cache=1&e=1
556;1736214480893019477;67;"7 - Chinelaria Leilane Neves x TikTok Shop";"1 - Chinelaria Leilane Neves";54873;2526416;"Chinelo Dedo Havaianas Top Herois 25/26";;"Chinelo Dedo Havaianas Top Herois";;29051;0,00;78,90;0,00;0,00;67;1;Enviado;Sim;0;;"23/06/2026 15:14:27";https://shop.tiktok.com/view/product/1736214480893019477?region=BR&locale=pt-BR&source=seller_center&no-cache=1&e=1
554;1736214481303012693;67;"7 - Chinelaria Leilane Neves x TikTok Shop";"1 - Chinelaria Leilane Neves";49744;2389164;"Chinelo Havaianas Top Surfer 2025/26";;"Chinelo Havaianas Top Surfer";;29049;0,00;74,90;0,00;0,00;18;1;Enviado;Sim;0;;"23/06/2026 15:15:00";https://shop.tiktok.com/view/product/1736214481303012693?region=BR&locale=pt-BR&source=seller_center&no-cache=1&e=1
548;1736215088509060437;67;"7 - Chinelaria Leilane Neves x TikTok Shop";"1 - Chinelaria Leilane Neves";56364;2546287;"Chinelo Havaianas Top Summer Vibes";;"Chinelo Havaianas Top Summer Vibes";;29043;0,00;63,90;0,00;0,00;23;1;Enviado;Sim;0;;"23/06/2026 15:16:47";https://shop.tiktok.com/view/product/1736215088509060437?region=BR&locale=pt-BR&source=seller_center&no-cache=1&e=1
547;1736215089290118485;67;"7 - Chinelaria Leilane Neves x TikTok Shop";"1 - Chinelaria Leilane Neves";40409;2364666;"Chinelo Havaianas Power 2.0 ";;"Chinelo Havaianas Power 2.0 cinza";;29042;0,00;78,90;0,00;0,00;64;1;Enviado;Sim;0;;"23/06/2026 15:17:16";https://shop.tiktok.com/view/product/1736215089290118485?region=BR&locale=pt-BR&source=seller_center&no-cache=1&e=1
546;1736215153777673557;67;"7 - Chinelaria Leilane Neves x TikTok Shop";"1 - Chinelaria Leilane Neves";50919;2398721;"Chinelo Havaianas Slim Tropical ";;"Chinelo Havaianas Slim Tropical";;29041;0,00;84,90;0,00;0,00;77;1;Enviado;Sim;0;;"23/06/2026 15:18:33";https://shop.tiktok.com/view/product/1736215153777673557?region=BR&locale=pt-BR&source=seller_center&no-cache=1&e=1
544;1736215090085987669;67;"7 - Chinelaria Leilane Neves x TikTok Shop";"1 - Chinelaria Leilane Neves";39864;2363740;"Chinelo Havaianas Top Athletic 24/25";;"Chinelo Havaianas Top Athletic";;29039;0,00;53,90;0,00;0,00;112;1;Enviado;Sim;0;;"23/06/2026 15:19:18";https://shop.tiktok.com/view/product/1736215090085987669?region=BR&locale=pt-BR&source=seller_center&no-cache=1&e=1
543;1736214484681131349;67;"7 - Chinelaria Leilane Neves x TikTok Shop";"1 - Chinelaria Leilane Neves";50358;2393120;"Chinelo Havaianas Top Basic 25/6";;"Chinelo Havaianas Top Basic";;29038;0,00;61,90;0,00;0,00;58;1;Enviado;Sim;0;;"23/06/2026 15:20:23";https://shop.tiktok.com/view/product/1736214484681131349?region=BR&locale=pt-BR&source=seller_center&no-cache=1&e=1
542;1736214485125662037;67;"7 - Chinelaria Leilane Neves x TikTok Shop";"1 - Chinelaria Leilane Neves";58739;2564876;"Chinelo Masculino Havaianas Top Athletic FC";;"Chinelo Masculino Havaianas Top Athletic FC";;29037;0,00;57,90;0,00;0,00;40;1;Enviado;Sim;0;;"23/06/2026 15:20:45";https://shop.tiktok.com/view/product/1736214485125662037?region=BR&locale=pt-BR&source=seller_center&no-cache=1&e=1
541;1736215164588557653;67;"7 - Chinelaria Leilane Neves x TikTok Shop";"1 - Chinelaria Leilane Neves";40007;2363789;"Chinelo Havaianas Top Basic";;"Chinelo Havaianas Top Basic";;29036;0,00;46,90;0,00;0,00;50;1;Enviado;Sim;0;;"23/06/2026 15:21:02";https://shop.tiktok.com/view/product/1736215164588557653?region=BR&locale=pt-BR&source=seller_center&no-cache=1&e=1
540;1736215164786738517;67;"7 - Chinelaria Leilane Neves x TikTok Shop";"1 - Chinelaria Leilane Neves";39923;2363772;"Chinelo Havaianas Aloha 24/25";;"Chinelo Havaianas Aloha";;29035;0,00;59,90;0,00;0,00;67;1;Enviado;Sim;0;;"23/06/2026 15:21:31";https://shop.tiktok.com/view/product/1736215164786738517?region=BR&locale=pt-BR&source=seller_center&no-cache=1&e=1
538;1736214634832299349;67;"7 - Chinelaria Leilane Neves x TikTok Shop";"1 - Chinelaria Leilane Neves";50052;2391440;"Chinelo Havaianas Slim Point";;"Chinelo Havaianas Slim Point point ferrungem/smok gree";;29033;0,00;84,90;0,00;0,00;27;1;Enviado;Sim;0;;"23/06/2026 15:22:07";https://shop.tiktok.com/view/product/1736214634832299349?region=BR&locale=pt-BR&source=seller_center&no-cache=1&e=1
537;1736214635014423893;67;"7 - Chinelaria Leilane Neves x TikTok Shop";"1 - Chinelaria Leilane Neves";39922;2363773;"Chinelo Havaianas Dual";;"Chinelo Havaianas Dual BRANCO CINZA GELO";;29032;0,00;74,90;0,00;0,00;33;1;Enviado;Sim;0;;"23/06/2026 15:22:48";https://shop.tiktok.com/view/product/1736214635014423893?region=BR&locale=pt-BR&source=seller_center&no-cache=1&e=1
536;1736199120940205397;67;"7 - Chinelaria Leilane Neves x TikTok Shop";"1 - Chinelaria Leilane Neves";57308;2548526;"Chinelo Slide Molekinho 2417.100 Slide Eva";;"Chinelo Slide Molekinho 2417.100 Slide Eva";;29006;0,00;67,90;0,00;0,00;97;1;Enviado;Sim;0;;"22/06/2026 16:28:38";https://shop.tiktok.com/view/product/1736199120940205397?region=BR&locale=pt-BR&source=seller_center&no-cache=1&e=1
535;1736114173296215381;67;"7 - Chinelaria Leilane Neves x TikTok Shop";"1 - Chinelaria Leilane Neves";56379;2546293;"Babuche Molekinho 2874.202 Gaspea Eva";;"Babuche Molekinho 2874.202 Gaspea Eva";;28822;0,00;99,90;0,00;0,00;221;1;Enviado;Sim;0;;"16/06/2026 13:19:42";https://shop.tiktok.com/view/product/1736114173296215381?region=BR&locale=pt-BR&source=seller_center&no-cache=1&e=1
534;1736098587994260821;67;"7 - Chinelaria Leilane Neves x TikTok Shop";"1 - Chinelaria Leilane Neves";56130;2545490;"Sandália Infantil Ipanema 27403 Glow";;"Sandália Infantil Ipanema 27403";;28821;0,00;45,90;0,00;0,00;216;1;Enviado;Sim;0;;"15/06/2026 17:04:31";https://shop.tiktok.com/view/product/1736098587994260821?region=BR&locale=pt-BR&source=seller_center&no-cache=1&e=1
533;1736098591009047893;67;"7 - Chinelaria Leilane Neves x TikTok Shop";"1 - Chinelaria Leilane Neves";60770;2605637;"Sandalia Baby Molekinho 2135.137 Fl Rust Neo";;"Sandalia Infantil Molekinho 2135.137";;28820;0,00;78,90;0,00;0,00;80;1;Enviado;Sim;0;;"15/06/2026 17:04:52";https://shop.tiktok.com/view/product/1736098591009047893?region=BR&locale=pt-BR&source=seller_center&no-cache=1&e=1
532;1736098593734231381;67;"7 - Chinelaria Leilane Neves x TikTok Shop";"1 - Chinelaria Leilane Neves";61931;2642786;"Chinelo Customizado Havaianas Top Liso +3 Piercing";;"Chinelo Havaianas Top Liso com Piercing Feminino Original";;28819;0,00;82,90;0,00;0,00;145;1;Enviado;Sim;0;;"15/06/2026 17:05:27";https://shop.tiktok.com/view/product/1736098593734231381?region=BR&locale=pt-BR&source=seller_center&no-cache=1&e=1
531;1736065807107982677;67;"7 - Chinelaria Leilane Neves x TikTok Shop";"1 - Chinelaria Leilane Neves";52931;2481816;"Babuche Infantil Molekinha 2591.103 Injetada EVA com Pins";;"Babuche Molekinha 2591.103 Injetada EVA";;28818;0,00;99,90;0,00;0,00;216;1;Enviado;Sim;0;;"13/06/2026 09:38:54";https://shop.tiktok.com/view/product/1736065807107982677?region=BR&locale=pt-BR&source=seller_center&no-cache=1&e=1
530;1736065752445322581;67;"7 - Chinelaria Leilane Neves x TikTok Shop";"1 - Chinelaria Leilane Neves";58315;2560576;"Babuche Infantil Molekinha Arco Iris 22591.408";;"Babuche Infantil Molekinha 22591.408 Arco Iris";;28817;0,00;141,90;0,00;0,00;74;1;Enviado;Sim;0;;"13/06/2026 09:38:35";https://shop.tiktok.com/view/product/1736065752445322581?region=BR&locale=pt-BR&source=seller_center&no-cache=1&e=1
529;1735871155783370069;67;"7 - Chinelaria Leilane Neves x TikTok Shop";"1 - Chinelaria Leilane Neves";61647;2640305;"Papete Slide Modare Micr Perf Suprem 7208.101";;"Papete Slide Modare Micr Perf Suprem";;28680;0,00;119,99;0,00;0,00;18;1;Enviado;Sim;0;;;https://shop.tiktok.com/view/product/1735871155783370069?region=BR&locale=pt-BR&source=seller_center&no-cache=1&e=1
528;1735571864396399957;67;"7 - Chinelaria Leilane Neves x TikTok Shop";"1 - Chinelaria Leilane Neves";33975;2344016;"Papete Slide Modare 7208.101 Nobuck";;"Papete Slide Modare 7208.101 Nobuck";;28515;0,00;119,99;0,00;0,00;1019;1;Enviado;Sim;0;;;https://shop.tiktok.com/view/product/1735571864396399957?region=BR&locale=pt-BR&source=seller_center&no-cache=1&e=1
526;1735906566049334613;67;"7 - Chinelaria Leilane Neves x TikTok Shop";"1 - Chinelaria Leilane Neves";61556;2640234;"Papete Slide Feminina Moleca Suprema 5490.132";;"Papete Slide Feminina Moleca Suprema 5490.132";;28423;0,00;110,90;0,00;0,00;34;1;Enviado;Sim;0;;"03/06/2026 16:45:00";https://shop.tiktok.com/view/product/1735906566049334613?region=BR&locale=pt-BR&source=seller_center&no-cache=1&e=1
525;1735903916607505749;67;"7 - Chinelaria Leilane Neves x TikTok Shop";"1 - Chinelaria Leilane Neves";61687;2640603;"Babuche EVA Feminina Yvate Faixa 1816";;"Babuche EVA Yvate Faixa 1816";;28403;0,00;78,90;0,00;0,00;37;1;Enviado;Sim;0;;"03/06/2026 11:31:29";https://shop.tiktok.com/view/product/1735903916607505749?region=BR&locale=pt-BR&source=seller_center&no-cache=1&e=1
524;1735904055227221333;67;"7 - Chinelaria Leilane Neves x TikTok Shop";"1 - Chinelaria Leilane Neves";61686;2640602;"Babuche EVA Masculino Yvate Faixa 1816";;"Babuche EVA Yvate Faixa 1816";;28402;0,00;78,90;0,00;0,00;49;1;Enviado;Sim;0;;"03/06/2026 11:43:32";https://shop.tiktok.com/view/product/1735904055227221333?region=BR&locale=pt-BR&source=seller_center&no-cache=1&e=1
523;1735887702501328213;67;"7 - Chinelaria Leilane Neves x TikTok Shop";"1 - Chinelaria Leilane Neves";61588;2640259;"Chinelo Slide Nuvem Zaxy Air 19419";;"Chinelo Slide Feminino Nuvem Zaxy Air 19419";;28393;0,00;110,90;0,00;0,00;64;1;Enviado;Sim;0;;"02/06/2026 11:39:45";https://shop.tiktok.com/view/product/1735887702501328213?region=BR&locale=pt-BR&source=seller_center&no-cache=1&e=1
522;1735887436002723157;67;"7 - Chinelaria Leilane Neves x TikTok Shop";"1 - Chinelaria Leilane Neves";61663;2640553;"Babuche Feminina Plataforma Yvate Liso 2502";;"Babuche Plataforma Yvate Liso 2502";;28392;0,00;99,90;0,00;0,00;19;1;Enviado;Sim;0;;"02/06/2026 11:13:14";https://shop.tiktok.com/view/product/1735887436002723157?region=BR&locale=pt-BR&source=seller_center&no-cache=1&e=1
521;1735871831387506005;67;"7 - Chinelaria Leilane Neves x TikTok Shop";"1 - Chinelaria Leilane Neves";59691;2588141;"Chinelo Rasteira Feminino Slide Modare 7162.330 Tresse Berl";;"Chinelo Rasteira Feminino Slide Modare 7162.330";;28355;0,00;110,90;0,00;0,00;24;1;Enviado;Sim;0;;"01/06/2026 12:58:40";https://shop.tiktok.com/view/product/1735871831387506005?region=BR&locale=pt-BR&source=seller_center&no-cache=1&e=1
519;1735870608707585365;67;"7 - Chinelaria Leilane Neves x TikTok Shop";"1 - Chinelaria Leilane Neves";61285;2620426;"Papete Slide Feminina Zaxy 19359 Mood";;"Papete Slide Feminina Zaxy 19359";;28353;0,00;104,90;0,00;0,00;22;1;Enviado;Sim;0;;"01/06/2026 11:36:10";https://shop.tiktok.com/view/product/1735870608707585365?region=BR&locale=pt-BR&source=seller_center&no-cache=1&e=1
517;1735830549480572245;67;"7 - Chinelaria Leilane Neves x TikTok Shop";"1 - Chinelaria Leilane Neves";60622;2604605;"Tamanco Feminino Anabela Modare 7151.115 Leaz/Paris";;"Tamanco Feminino Anabela Modare 7151.115";;28231;0,00;157,90;0,00;0,00;39;1;Enviado;Sim;0;;"29/05/2026 12:25:35";https://shop.tiktok.com/view/product/1735830549480572245?region=BR&locale=pt-BR&source=seller_center&no-cache=1&e=1
516;1735830434805089621;67;"7 - Chinelaria Leilane Neves x TikTok Shop";"1 - Chinelaria Leilane Neves";33735;2342603;"Tamanco Azaleia 18908 Fabi Light";;"Tamanco Azaleia 18908 Fabi Light";;28230;0,00;89,90;0,00;0,00;54;1;Enviado;Sim;0;;"29/05/2026 12:11:55";https://shop.tiktok.com/view/product/1735830434805089621?region=BR&locale=pt-BR&source=seller_center&no-cache=1&e=1
515;1735815490972583253;67;"7 - Chinelaria Leilane Neves x TikTok Shop";"1 - Chinelaria Leilane Neves";56251;2545583;"Babuche Moleca 5832.100 Pvc";;"Babuche Moleca 5832.100";;28215;0,00;99,90;0,00;0,00;36;1;Enviado;Sim;0;;"28/05/2026 16:16:51";https://shop.tiktok.com/view/product/1735815490972583253?region=BR&locale=pt-BR&source=seller_center&no-cache=1&e=1
514;1735815452168717653;67;"7 - Chinelaria Leilane Neves x TikTok Shop";"1 - Chinelaria Leilane Neves";34788;2349858;"Bolsa Moleca 50007.1 Casual Gorgurão";;"Bolsa Moleca 50007.1 Casual Gorgurão";;28214;0,00;120,90;0,00;0,00;13;1;Enviado;Sim;0;;"28/05/2026 16:12:35";https://shop.tiktok.com/view/product/1735815452168717653?region=BR&locale=pt-BR&source=seller_center&no-cache=1&e=1
511;1735815432529085781;67;"7 - Chinelaria Leilane Neves x TikTok Shop";"1 - Chinelaria Leilane Neves";57614;2550276;"Babuche Molekinho 2874.204 gas/injet";;"Babuche LED Infantil Molekinho 2874.40";;28211;0,00;120,90;0,00;0,00;24;1;Enviado;Sim;0;;"28/05/2026 16:07:55";https://shop.tiktok.com/view/product/1735815432529085781?region=BR&locale=pt-BR&source=seller_center&no-cache=1&e=1
506;1735815442688607573;67;"7 - Chinelaria Leilane Neves x TikTok Shop";"1 - Chinelaria Leilane Neves";61254;2619942;"Papete Slide Feminina Moleca 5500.125 New Nancy";;"Papete Slide Feminina Moleca 5500.125";;28206;0,00;179,90;0,00;0,00;27;1;Enviado;Sim;0;;"28/05/2026 16:09:01";https://shop.tiktok.com/view/product/1735815442688607573?region=BR&locale=pt-BR&source=seller_center&no-cache=1&e=1
505;1735815418489701717;67;"7 - Chinelaria Leilane Neves x TikTok Shop";"1 - Chinelaria Leilane Neves";34338;2347549;"Bolsa Moleca Feminino 50048.3 Zíper Neo Gorgurão";;"Bolsa Moleca Zíper Neo Gorgurão 50048.3";;28205;0,00;141,90;0,00;0,00;10;1;Enviado;Sim;0;;"28/05/2026 16:09:24";https://shop.tiktok.com/view/product/1735815418489701717?region=BR&locale=pt-BR&source=seller_center&no-cache=1&e=1
504;1735798247550453077;67;"7 - Chinelaria Leilane Neves x TikTok Shop";"1 - Chinelaria Leilane Neves";61396;2626343;"Tenis Casual Feminina Modare 7416.202 Lond";;"Tenis Casual Feminina Modare 7416.202";;28188;0,00;226,90;0,00;0,00;4;1;Enviado;Sim;0;;"27/05/2026 13:25:17";https://shop.tiktok.com/view/product/1735798247550453077?region=BR&locale=pt-BR&source=seller_center&no-cache=1&e=1
503;1735797668435166549;67;"7 - Chinelaria Leilane Neves x TikTok Shop";"1 - Chinelaria Leilane Neves";61395;2626342;"Tenis Casual Feminina Modare 7416.100 Suprema";;"Tenis Casual Feminina Modare 7416.100";;28187;0,00;216,90;0,00;0,00;29;1;Enviado;Sim;0;;"27/05/2026 12:15:28";https://shop.tiktok.com/view/product/1735797668435166549?region=BR&locale=pt-BR&source=seller_center&no-cache=1&e=1
501;1735796952266212693;67;"7 - Chinelaria Leilane Neves x TikTok Shop";"1 - Chinelaria Leilane Neves";59021;2581241;"Tenis Feminino Actvitta 4849.307 Xang/Austra";;"Tênis Actvitta Feminino Confortável Leve Academia Corrida";;28177;0,00;274,90;0,00;0,00;17;1;Enviado;Sim;0;;"27/05/2026 11:10:13";https://shop.tiktok.com/view/product/1735796952266212693?region=BR&locale=pt-BR&source=seller_center&no-cache=1&e=1
500;1735796952252319061;67;"7 - Chinelaria Leilane Neves x TikTok Shop";"1 - Chinelaria Leilane Neves";56223;2545565;"Tênis Actvitta 4849.502 Energy";;"Tenis Actvitta Feminino Casual Conforto Light Foam Pro Macio";;28168;0,00;274,90;0,00;0,00;24;1;Enviado;Sim;0;;"27/05/2026 11:09:52";https://shop.tiktok.com/view/product/1735796952252319061?region=BR&locale=pt-BR&source=seller_center&no-cache=1&e=1
499;1735717943328015701;67;"7 - Chinelaria Leilane Neves x TikTok Shop";"1 - Chinelaria Leilane Neves";38855;2361827;"Chinelo Havaianas Top Liso";;"Chinelo Havaianas Top Liso TOP";;28143;0,00;46,90;0,00;0,00;369;1;Enviado;Sim;0;;"22/05/2026 12:02:06";https://shop.tiktok.com/view/product/1735717943328015701?region=BR&locale=pt-BR&source=seller_center&no-cache=1&e=1
498;1735717855783781717;67;"7 - Chinelaria Leilane Neves x TikTok Shop";"1 - Chinelaria Leilane Neves";38280;2360426;"Chinelo Havaianas Slim Liso";;"Chinelo Havaianas Slim Liso - chinelo dedo havaianas slim liso";;28142;0,00;53,90;0,00;0,00;230;1;Enviado;Sim;0;;"22/05/2026 11:58:17";https://shop.tiktok.com/view/product/1735717855783781717?region=BR&locale=pt-BR&source=seller_center&no-cache=1&e=1
496;1735717900066719061;67;"7 - Chinelaria Leilane Neves x TikTok Shop";"1 - Chinelaria Leilane Neves";49413;2387439;"Chinelo Havaianas Top Tiras";;"Chinelo Havaianas Top Tiras";;28140;0,00;46,90;0,00;0,00;251;1;Enviado;Sim;0;;"22/05/2026 12:01:36";https://shop.tiktok.com/view/product/1735717900066719061?region=BR&locale=pt-BR&source=seller_center&no-cache=1&e=1
495;1735717857584317781;67;"7 - Chinelaria Leilane Neves x TikTok Shop";"1 - Chinelaria Leilane Neves";39125;2362313;"Chinelo Havaianas Brasil ";;"Chinelo Havaianas Brasil";;28139;0,00;73,90;0,00;0,00;319;1;Enviado;Sim;0;;"22/05/2026 12:00:51";https://shop.tiktok.com/view/product/1735717857584317781?region=BR&locale=pt-BR&source=seller_center&no-cache=1&e=1
494;1735717949966878037;67;"7 - Chinelaria Leilane Neves x TikTok Shop";"1 - Chinelaria Leilane Neves";37403;2358805;"Chinelo Havaianas Brasil Logo Original";;"Chinelo Havaianas Brasil";;28138;0,00;68,90;0,00;0,00;75;1;Enviado;Sim;0;;"22/05/2026 12:04:17";https://shop.tiktok.com/view/product/1735717949966878037?region=BR&locale=pt-BR&source=seller_center&no-cache=1&e=1
493;1735716964532585813;67;"7 - Chinelaria Leilane Neves x TikTok Shop";"1 - Chinelaria Leilane Neves";54946;2526967;"Tamanco Slide Modare 7215.102 Nobuck";;"Tamanco Feminino Modare Slide Conforto Lançamento Original";;28137;0,00;173,90;0,00;0,00;9;1;Enviado;Sim;0;;"22/05/2026 10:35:52";https://shop.tiktok.com/view/product/1735716964532585813?region=BR&locale=pt-BR&source=seller_center&no-cache=1&e=1
492;1735716975638185301;67;"7 - Chinelaria Leilane Neves x TikTok Shop";"1 - Chinelaria Leilane Neves";51831;2447312;"Tamanco Slide Modare 7215.102 Suprema";;"Tamanco Feminino Modare Slide Conforto Lançamento Original";;28136;0,00;173,90;0,00;0,00;29;1;Enviado;Sim;0;;"22/05/2026 10:36:23";https://shop.tiktok.com/view/product/1735716975638185301?region=BR&locale=pt-BR&source=seller_center&no-cache=1&e=1
459;1735716955319076181;67;"7 - Chinelaria Leilane Neves x TikTok Shop";"1 - Chinelaria Leilane Neves";61123;2609529;"Sandalia Anabela Modare 7151.102 Canelado II";;"Tamanco Modare Sandalia Ortopedica feminina Ultra Conforto";;28087;0,00;152,90;0,00;0,00;52;1;Enviado;Sim;0;;"22/05/2026 10:36:48";https://shop.tiktok.com/view/product/1735716955319076181?region=BR&locale=pt-BR&source=seller_center&no-cache=1&e=1
432;1735716977041704277;67;"7 - Chinelaria Leilane Neves x TikTok Shop";"1 - Chinelaria Leilane Neves";61001;2608308;"Sandalia Salto Bloco Feminina Modare 7187.100 Elas Canela";;"Sandalia Salto Bloco Feminina Modare 7187.100";;28060;0,00;179,90;0,00;0,00;32;1;Enviado;Sim;0;;"22/05/2026 10:37:12";https://shop.tiktok.com/view/product/1735716977041704277?region=BR&locale=pt-BR&source=seller_center&no-cache=1&e=1
431;1735703554268497237;67;"7 - Chinelaria Leilane Neves x TikTok Shop";"1 - Chinelaria Leilane Neves";37388;2358788;"Tênis Actvitta 4931.103 Loc Oregon";;"Tênis Masculino Calce Facil Casual Slip On Macio Actvitta";;28059;0,00;216,90;0,00;0,00;55;1;Enviado;Sim;0;;"21/05/2026 19:40:31";https://shop.tiktok.com/view/product/1735703554268497237?region=BR&locale=pt-BR&source=seller_center&no-cache=1&e=1
209;1735585454575355221;67;"7 - Chinelaria Leilane Neves x TikTok Shop";"1 - Chinelaria Leilane Neves";60295;2601358;"Papete Slide Feminino Beira Rio 8488.122 t/pronta";;"Papete Slide Feminino Beira Rio 8488.122";;27755;0,00;110,90;0,00;0,00;20;1;Enviado;Sim;0;;"14/05/2026 10:43:18";https://shop.tiktok.com/view/product/1735585454575355221?region=BR&locale=pt-BR&source=seller_center&no-cache=1&e=1
208;1735585399271818581;67;"7 - Chinelaria Leilane Neves x TikTok Shop";"1 - Chinelaria Leilane Neves";59938;2598698;"Chinelo Rasteira Feminina Slide Vizzano 6371.367 Napa Calf";;"Chinelo Rasteira Feminina Slide Vizzano";;27754;0,00;88,90;0,00;0,00;17;1;Enviado;Sim;0;;"14/05/2026 10:38:47";https://shop.tiktok.com/view/product/1735585399271818581?region=BR&locale=pt-BR&source=seller_center&no-cache=1&e=1
207;1735584602326992213;67;"7 - Chinelaria Leilane Neves x TikTok Shop";"1 - Chinelaria Leilane Neves";59045;2581596;"Chinelo Tamanco Feminino Modare 7142.106 Tres Berlim";;"Chinelo Tamanco Modare 7142.106";;27709;0,00;115,90;0,00;0,00;1;1;Enviado;Sim;0;;"14/05/2026 09:39:49";https://shop.tiktok.com/view/product/1735584602326992213?region=BR&locale=pt-BR&source=seller_center&no-cache=1&e=1
206;1735584613935777109;67;"7 - Chinelaria Leilane Neves x TikTok Shop";"1 - Chinelaria Leilane Neves";33080;2340253;"Tamanco Modare 7142.106 Tresse Alba";;"Chinelo Tamanco Modare 7142.106";;27708;0,00;110,90;0,00;0,00;11;1;Enviado;Sim;0;;"14/05/2026 09:40:03";https://shop.tiktok.com/view/product/1735584613935777109?region=BR&locale=pt-BR&source=seller_center&no-cache=1&e=1
205;1735375168476120405;67;"7 - Chinelaria Leilane Neves x TikTok Shop";"1 - Chinelaria Leilane Neves";1381;2035241;"Chinelo Tamanco Modare 7142.106 NP/Sense Flex";;"Chinelo Tamanco Modare 7142.106";;27707;0,00;110,90;0,00;0,00;191;1;Enviado;Sim;0;;"14/05/2026 09:40:41";https://shop.tiktok.com/view/product/1735375168476120405?region=BR&locale=pt-BR&source=seller_center&no-cache=1&e=1
203;1735571792693921109;67;"7 - Chinelaria Leilane Neves x TikTok Shop";"1 - Chinelaria Leilane Neves";58871;2568442;"Rasteira Feminina Vizzano 6371.1005 Pelica";;"Rasteira Feminina Vizzano 6371.1005";;27705;0,00;131,90;0,00;0,00;30;1;Enviado;Sim;0;;"13/05/2026 16:54:51";https://shop.tiktok.com/view/product/1735571792693921109?region=BR&locale=pt-BR&source=seller_center&no-cache=1&e=1
202;1735571874354136405;67;"7 - Chinelaria Leilane Neves x TikTok Shop";"1 - Chinelaria Leilane Neves";58894;2568459;"Rasteira Feminina Vizzano 6553.101 Napa Garda";;"Rasteira Feminina Vizzano 6553.101";;27704;0,00;104,90;0,00;0,00;4;1;Enviado;Sim;0;;"13/05/2026 16:55:23";https://shop.tiktok.com/view/product/1735571874354136405?region=BR&locale=pt-BR&source=seller_center&no-cache=1&e=1
200;1735571703623419221;67;"7 - Chinelaria Leilane Neves x TikTok Shop";"1 - Chinelaria Leilane Neves";60818;2606511;"Chinelo Feminino Square Havaianas Jelly";;"Chinelo Feminino Square Havaianas Jelly jel buttercream";;27702;0,00;83,90;0,00;0,00;104;1;Enviado;Sim;0;;"13/05/2026 16:32:02";https://shop.tiktok.com/view/product/1735571703623419221?region=BR&locale=pt-BR&source=seller_center&no-cache=1&e=1
198;1735571514916111701;67;"7 - Chinelaria Leilane Neves x TikTok Shop";"1 - Chinelaria Leilane Neves";49557;2387850;"Sandália Salto Modare 7187.100 Elástico Canelado";;"Sandalia Salto Bloco Feminina Modare 7187.100";;27700;0,00;179,90;0,00;0,00;59;1;Enviado;Sim;0;;"13/05/2026 15:51:17";https://shop.tiktok.com/view/product/1735571514916111701?region=BR&locale=pt-BR&source=seller_center&no-cache=1&e=1
196;1735571540159333717;67;"7 - Chinelaria Leilane Neves x TikTok Shop";"1 - Chinelaria Leilane Neves";61000;2608307;"Papete Slide Feminina Moleca 5556.100 tira pr ca";;"Papete Slide Feminina Moleca 5556.100";;27698;0,00;136,90;0,00;0,00;8;1;Enviado;Sim;0;;"13/05/2026 15:52:18";https://shop.tiktok.com/view/product/1735571540159333717?region=BR&locale=pt-BR&source=seller_center&no-cache=1&e=1
194;1735571107768403285;67;"7 - Chinelaria Leilane Neves x TikTok Shop";"1 - Chinelaria Leilane Neves";60820;2606513;"Chinelo Square Feminina Havaianas Glitter Contour";;"Sandália Slim Square Glitter Contour Havaianas";;27696;0,00;89,90;0,00;0,00;42;1;Enviado;Sim;0;;"13/05/2026 14:50:31";https://shop.tiktok.com/view/product/1735571107768403285?region=BR&locale=pt-BR&source=seller_center&no-cache=1&e=1
193;1735571109515461973;67;"7 - Chinelaria Leilane Neves x TikTok Shop";"1 - Chinelaria Leilane Neves";38021;2359737;"Chinelo Feminino Havaianas Slim Square Liso";;"Chinelo Havaianas Slim Square Feminino Original";;27695;0,00;57,90;0,00;0,00;141;1;Enviado;Sim;0;;"13/05/2026 14:50:41";https://shop.tiktok.com/view/product/1735571109515461973?region=BR&locale=pt-BR&source=seller_center&no-cache=1&e=1
192;1735571130312197461;67;"7 - Chinelaria Leilane Neves x TikTok Shop";"1 - Chinelaria Leilane Neves";60819;2606512;"Chinelo Slim Feminino Havaianas Glitter Edge";;"Chinelo Havaianas Glitter Glam E Edge Feminina Brilho";;27694;0,00;89,90;0,00;0,00;97;1;Enviado;Sim;0;;"13/05/2026 14:51:41";https://shop.tiktok.com/view/product/1735571130312197461?region=BR&locale=pt-BR&source=seller_center&no-cache=1&e=1
150;1735570502653085013;67;"7 - Chinelaria Leilane Neves x TikTok Shop";"1 - Chinelaria Leilane Neves";60487;2601946;"Tenis Feminino Actvitta 4841.103 Loc Salem";;"Tênis Feminino Calce Facil Casual Slip On Macio Actvitta";;27652;0,00;216,90;0,00;0,00;80;1;Enviado;Sim;0;;"13/05/2026 13:28:25";https://shop.tiktok.com/view/product/1735570502653085013?region=BR&locale=pt-BR&source=seller_center&no-cache=1&e=1
121;1735569221454169429;67;"7 - Chinelaria Leilane Neves x TikTok Shop";"1 - Chinelaria Leilane Neves";59060;2581614;"Chinelo Tamanco Slide Feminino Modare 7142.101 Pele Strech";;"Chinelo Tamanco Slide Feminino Modare 7142.101";;27597;0,00;120,90;0,00;0,00;44;1;Enviado;Sim;0;;"13/05/2026 11:09:17";https://shop.tiktok.com/view/product/1735569221454169429?region=BR&locale=pt-BR&source=seller_center&no-cache=1&e=1
120;1735569120206816597;67;"7 - Chinelaria Leilane Neves x TikTok Shop";"1 - Chinelaria Leilane Neves";51385;2400168;"Tamanco Slide Modare 7142.101 Elástico";;"Chinelo Tamanco Slide Feminino Modare 7142.101";;27596;0,00;120,90;0,00;0,00;3;1;Enviado;Sim;0;;"13/05/2026 11:09:03";https://shop.tiktok.com/view/product/1735569120206816597?region=BR&locale=pt-BR&source=seller_center&no-cache=1&e=1
