marca;modelo;cor;est;ean_exemplo
Modare;7208.101 NOBUCK;108352 alecrim n;522;7900407775026
Modare;7208.101 NOBUCK;avela soft;283;7900350710396
Havaianas;TOP LISO;top l preto;126;7891109486191
Havaianas;TOP LISO;top l branco;121;7891109714461
Molekinho;2874.202 GASPEA EVA;preto amarelo neon;116;7900294860805
Havaianas;BRASIL;branco hav br;108;7895265145282
Molekinha;2591.103 INJT EVA PI;bab creme 985;107;7900294862762
Havaianas;TRADICIONAL;hav trad preto;107;7891109146583
Modare;7208.101 NOBUCK;83517 creme a1;100;7900245505090
Molekinho;2417.100 SLIDE EVA;preto eva;91;7909800872820
Havaianas;TOP TIRAS;tiras cafe;81;7909989679616
Modare;NOBUCK ONCA 7208.101;avela onca 104798;80;7900350969084
Modare;7208.101 NOBUCK;15745 preto nobu;73;7900245504895
Cartago;12158 DALLAS;bs786;70;7900204745796
Havaianas;TOP TIRAS;rose gold tiras;69;7891224793457
Rider;12674 CORE M;ca781 preto/preto;65;7900377109227
Ipanema;27403 GLOW;bs297 rosa/dourado;63;7900204626859
Cartago;12432 ATLANTA II;ay832 marrom/bege;62;7909937777081
Modare;NOBUCK ONCA 7208.101;creme onca 90075;60;7900350926896
Havaianas;BRASIL;preto hav br;60;7895265700320
Cartago;12578 SINTRA;ca113 marrom/marrom;60;7900377158782
Cartago;12706 RAVENA;cd051 marrom/marrom;60;7900377261529
Under Armour;3027787 UA CORE 2;100core branco/bra/preto;57;196885893650
Modare;NOBUCK ONCA 7208.101;preto onca;56;7900350969190
Havaianas;TRADICIONAL;hav trad rosa flux;56;7893249751870
Havaianas;H. BRASIL LOGO 2024/25;h. logo branco;53;7891109342350
Havaianas;TOP LISO;top l azul naval;52;7890557722219
Modare;7142.106 NP/SEN FLEX;7142.106 - CAMEL 1165;51;7900123051442
Cartago;11859 ALABAMA 1;preto/casto;49;7900204239073
Modare;7142.106 NP/SEN FLEX;96782.PRETO 01/CAMEL 1165;47;7900123064381
Havaianas;SLIM TROPICAL 25/6;amarelo caja;47;7909989608944
Cartago;12640 DURBAN;by989 marrom/marrom;47;7900377003099
Modare;7142.106 NP/SEN FLEX;96783.NUDE 658/CAMEL1165;46;7900123068792
Molekinho;2135.137 FL RUST NEO;105229 cinza/azul;46;7900294548888
Cartago;11840 ATLANTA;as401c/atl preto/preto;46;7909937244996
Havaianas;SLIM SQUARE LISO;squ cafe;45;7909989649831
Cartago;12777 LUGANO;marrom;42;7900377331871
Modare;7208.101 NOBUCK;52531 nude  nobu;41;7900245504994
Havaianas;PALETTE GLOW 25/6;palet blossom;41;7909989895955
Havaianas;BRASIL;marinho br;40;7890557571633
Actvitta;4841.103 LOC SALEM;16143 preto/preto/preto;39;7900245798560
Havaianas;SLIM LISO;sl pink fever;39;7909843611325
Havaianas;BRASIL LOGO BM;blog amarelo/amarelo;38;7909843417163
Modare;7151.102 CANELADO II;000003s/can preto;37;7909694159540
Ipanema;27572 SHINE;ce806 off white/bege;36;7900377343386
Havaianas;SLIM LISO;sl branco;35;7890732316219
Havaianas;BRASIL;azul naval hav br;34;7890557699221
Havaianas;TOP LISO;top l marinho;32;7890541601865
Azaleia;18908 FABI LIGHT;FL AV596 PRETO;31;7909937503611
Ipanema;27572 SHINE;ce805 preto/bege;31;7900377343324
Havaianas;SLIM TROPICAL 25/6;trop azul/azul;30;7909989608890
Cartago;12516 ASPEN;bn921 marrom/marrom;29;7900204441377
Ipanema;27573 SHINE PIN;ce654 bege/bege;28;7900377329724
Havaianas;SLIM LISO;wild lime;27;7909989645345
Modare;7251.115 LEAZ/ PARIS;015745t preto lea;27;7900190316123
Cartago;12612 BELGRADO;bw135 marrom/marrom;27;7900204923446
Actvitta;4931.103 LOC OREGON;83802 preto-preto/preto;26;7900190247175
Havaianas;SLIM SQUARE LISO;square preto;26;7909843020585
Havaianas;SLIM LISO;sl preto;25;7890732316462
Havaianas;SLIM LISO;rosa gum/rosa gum metal;25;7909989777312
Ipanema;27507 PLUMA;by309 bege/marrom;25;7900204921121
Havaianas;SLIM GLITTER II;dourado a;24;7909989866665
Havaianas;SLIM GLITTER II;laranja cerrado;24;7909989866719
Modare;7142.106 NP/SEN FLEX;102465 avela/camel t;24;7900407001088
Modare;7226.101 NOB ULTRA;15745 preto a11;24;7900407813551
Havaianas;TOP SENSES;3154 verde mandacaru;24;7901114733897
Havaianas;TOP SENSES;174 areia/areia;24;7901114733682
Zaxy;19419 AIR;cb548 marrom urso;23;7900377095704
Havaianas;POWER 2.0;power 2.0 branco/preto;23;7909843904052
Rider;12674 CORE F;cb626 rosa/rosa;23;7900377109463
Zaxy;19419 AIR;cb547 off white medio;22;7900377095643
Rider;12529 R SOFT PLUS;cb564 branco/preto;22;7900377243655
Modare;7142.101 PELE STRECH;15745 preto/preto x;22;7900294356995
Havaianas;ALOHA 2024/2025;hav.alo/marinho/marinho;22;7909989703717
Cartago;12632 DENVER;cb153 bege/marrom;21;7900377072309
Ipanema;27573 SHINE PIN;ce653 preto/mante;21;7900377329656
Beira Rio;8488.122 T/PRONTA;87009 preto/cristal;20;7900245895689
Havaianas;SLIM LISO;sl rose gold;20;7891266542044
Havaianas;SLIM SQUARE LISO;smoke green square;20;7909989649923
Havaianas;GLITTER CONTOUR;cont novo grafite;20;7909989803226
Ipanema;27573 SHINE PIN;ce656 marom/rosa;20;7900377329847
Modare;7187.100 ELAS CANELA;95373 camel el;19;7900407000685
Moleca;5500.125 NEW NANCY;35312 branco off a;19;7900466140476
Havaianas;SLIM GLITTER DOIS NEW;slim/glitter canyon clay;19;7909989896150
Ipanema;27507 PLUMA;bx498 preto/preto;19;7900204885676
Azaleia;18908 FABI LIGHT;marrom cafe;18;7900204528122
Vizzano;6371.1005 PELICA;85432 preto/cristal/preto;18;7900350342399
Modare;7187.100 EL/CANELADO;102139 oliva/camel;18;7900245509210
Modare;7226.102 ULTRA SOFT;15745 preto a10;18;7900407808878
Moleca;5490.132 SUPREMA;15745 preto a4;18;7900466114682
Actvitta;4849.307 XANG/AUSTRA;108641 branco off;17;7900350971780
Modare;7162.330 TRESSE BERL;15745 preto tre;17;7900407514083
Havaianas;TOP SURFER 25/6;branco/branco;17;7909989711545
Modare;7187.100 EL/CANELADO;avela;16;7900294767906
Havaianas;ELEGANCE PRINT 25/6;blossom;16;7909989793893
Modare;7151.102 CANELADO II;016809 nude cn;15;7909694159434
Modare;7215.102 SUPREMA;verde salvia;15;7900294511004
Modare;7208.101 MICR PERF SUPREM;100196 avela ipe;15;7900350608723
Havaianas;TOP LISO;vermelho apache top li;15;7891266524224
Modare;7187.100 EL/CANELADO;7187.100 preto;15;7900123194460
Havaianas;SLIM SQUARE LISO;canyon clay n;15;7909989649879
Havaianas;H. BRASIL LOGO 2024/25;buttercream n;15;7909989419793
Havaianas;POWER 2.0;power marinho/azul;15;7909989765722
Molekinha;2584.214 KANSAS;branco/rosa cham/menta;15;7900466995069
Havaianas;ALOHA 2024/2025;hav.alo/preto/preto/cz;15;7909989691397
Cartago;12643 MONTERREY;by992 preto/preto;15;7900204972369
Actvitta;4862.100 EVA;15745 preto sll;14;7900466296968
Havaianas;SLIM LISO;laranja sunset slim lis;14;7909989645550
Havaianas;POWER 2.0;power 2.0 preto;14;7893249344461
Havaianas;SLIM GLITTER II;1069 preto/preto g;13;7909843116523
Havaianas;SLIM LISO;sl rosa ballet;13;7893249567068
Modare;7200.113 LONDON;15745 preto a6;13;7900466382814
Modare;7187.100 ELAS CANELA;100711 preto /camel/camel;13;7900350998435
Zaxy;19359 MOOD;by047 preto;12;7900377004287
Havaianas;SLIM LISO;rosa chiffon sl lis;12;7909989645314
Modare;7251.115 LEAZ/ PARIS;95373 camel l;12;7900190316222
Modare;7142.101 PELE STRECH;106874 avela/mocca;12;7900350957111
Actvitta;NEO BETA 4929.101;16072 branco a2;12;7900466302652
Havaianas;SLIM GLITTER DOIS NEW;slim/glitter ii areia;12;7909690029120
Actvitta;AUSTRALIA 4841.100;preto/cinza 102156;11;7900245797006
Havaianas;DUAL;dual preto/cinza aco;10;7909690520337
Havaianas;SLIM LISO;sl areia/dourado;9;7890557502460
Molekinha;2584.214 KANSAS;preto/pink glam;9;7900466894928
Molekinho;2874.204 GAS/INJET;105739 marinho/laranja;9;7900350581385
Havaianas;TOP BASIC;t basic marinho/mar/branc;9;7909843666196
Havaianas;TOP SUMMER VIBES;pessego vibes;8;7909989870143
Havaianas;ELEGANCE PRINT 25/6;rose gold;8;7909989793961
Actvitta;4862.100 EVA;62016 verde agua;7;7900466297163
Modare;7162.330 TRESSE BERL;100196 avela tber;7;7900407675081
Cartago;12158 DALLAS;bm371 azul/vermelho;6;7900204353182
Modare;7187.100 EL/CANELADO;97016 marinho/camel;6;7900123787259
Modare;7142.101 PELE STRECH;96723 nude/camel;6;7900294357251
Cartago;12612 BELGRADO;bw139 preto/preto;6;7900204923569
Modare;7142.106 TRESSE ALBA;96782.NP/PRETO 01/CAMEL11;6;7900123179191
Modare;7215.102 NOBUCK;nude nobuck;5;7900294795824
Modare;7142.106 TRESSE ALBA;96781 NP/TAN 1080/CAMEL11;5;7900123185055
Vizzano;6371.1005 PELICA;109616 chocolate;4;7900407512706
Molekinha;2591.103 INJT EVA PI;78276 rosa 942 babu;4;7900294862700
Modare;7187.100 EL/CANELADO;7187.100 nude/tan;4;7900123141914
Modare;7142.101 PELE STRECH;15758 preto/preto xp;4;7900350953090
Havaianas;POWER 2.0;preto/azul indigo;4;7909989659632
Modare;7215.102 NOBUCK;preto nobuck;4;7900294795725
Modare;7208.101 MICR PERF SUPREM;35312 branco off a3;3;7900294219504
Vizzano;6371.367 NAPA CALF;15745 preto calf;3;7900245807750
Vizzano;6371.367 NAPA CALF;104068 mocca calf13;3;7900294854972
Havaianas;SLIM LISO;slim liso verde matcha;3;7909989354520
Havaianas;SLIM LISO;sl lis azul brilhante;3;7909989645451
Havaianas;H. BRASIL LOGO 2024/25;verde/amarelo b/logo;3;7909989826676
Havaianas;ELEGANCE LISO;el/lis rosa ballet;3;7909989317648
Modare;7142.101 ELASTICO;102465 avela/camel;3;7900294360206
Vizzano;6553.101 NAPA GARDA;15745 preto01;2;7900350974804
Havaianas;H. BRASIL LOGO 2024/25;h. logo preto;2;7891224864607
Havaianas;POWER 2.0;cinza aco/grafite;2;7909989659687
Havaianas;SLIM POINT;point rosa gum/coral trop;2;7909989711392
Azaleia;18908 FABI LIGHT;AZ804 COBRE/NUDE ESCURO;1;7909937618513
Modare;7142.106 NP/SEN FLEX;15745 preto;1;7900294727290
Havaianas;TOP LISO;top liso cinza aco;1;7893249647852
Under Armour;3027787 UA CORE 2;purple/purple/nebula;1;197780611172
Havaianas;SLIM LISO;slim liso pessego;1;7909989354339
Havaianas;H. BRASIL LOGO 2024/25;h. logo azul naval;1;7895265369848
Havaianas;H. BRASIL LOGO 2024/25;rosa chiffon b/logo;1;7909989826607
Havaianas;DUAL;verde olive/branco;1;7909989459980
Havaianas;SLIM POINT;point rose gold/bege palh;1;7909989587010
Havaianas;SLIM POINT;point cinza aco;1;7909989578568
Havaianas;SLIM POINT;point ferrungem/smok gree;1;7909989711491
Modare;7142.106 TRES BERLIM;102465 avela/camel ber;1;7900407513833
