agrupador;produto;cor;pares;derivacoes_com_estoque;com_ean;com_caixa;custo;guia;preco_irmao;margem_sem_frete;mlb_irmao;categoria;sobra_de_foto
2360426-SLPINKFEVER;Chinelo Havaianas Slim Liso;sl pink fever 33/34;39;4;4;4;24.52;7742541;53.9;28.5;MLB7584838422;MLB273770;55
2360426-SLBRANCO;Chinelo Havaianas Slim Liso;sl branco 33/34;35;5;5;5;24.52;7742541;53.9;28.5;MLB7584838422;MLB273770;55
2360426-rosagumrosagummetal;Chinelo Havaianas Slim Liso;rosa gum/rosa gum metal 33/34;27;5;4;5;24.52;7742541;53.9;28.5;MLB7584838422;MLB273770;55
2360426-wildlime;Chinelo Havaianas Slim Liso;wild lime 33/34;27;4;4;4;24.52;7742541;53.9;28.5;MLB7584838422;MLB273770;55
2360426-SLPRETO;Chinelo Havaianas Slim Liso;sl preto 33/34;24;4;4;4;24.52;7742541;53.9;28.5;MLB7584838422;MLB273770;55
2360426-SLROSEGOLD;Chinelo Havaianas Slim Liso;sl rose gold 33/34;20;5;5;5;24.52;7742541;53.9;28.5;MLB7584838422;MLB273770;55
2360426-laranjasunsetslimlis;Chinelo Havaianas Slim Liso;laranja sunset slim lis 33/34;14;3;3;3;24.52;7742541;53.9;28.5;MLB7584838422;MLB273770;55
2360426-SLROSABALLET;Chinelo Havaianas Slim Liso;sl rosa ballet 33/34;13;4;4;4;24.52;7742541;53.9;28.5;MLB7584838422;MLB273770;55
2360426-rosachiffonsllis;Chinelo Havaianas Slim Liso;rosa chiffon sl lis 33/34;13;4;3;4;24.52;7742541;53.9;28.5;MLB7584838422;MLB273770;55
2360426-SLAREIADOURADO;Chinelo Havaianas Slim Liso;sl areia/dourado 33/34;9;5;5;5;24.52;7742541;53.9;28.5;MLB7584838422;MLB273770;55
2360426-SLIMLISOVERDEMATCHA;Chinelo Havaianas Slim Liso;slim liso verde matcha 33/34;3;1;1;1;24.52;7742541;53.9;28.5;MLB7584838422;MLB273770;55
2360426-sllisazulbrilhante;Chinelo Havaianas Slim Liso;sl lis azul brilhante 33/34;3;2;2;2;24.52;7742541;53.9;28.5;MLB7584838422;MLB273770;55
2360426-SLIMLISOPESSEGO;Chinelo Havaianas Slim Liso;slim liso pessego 33/34;1;1;1;1;24.52;7742541;53.9;28.5;MLB7584838422;MLB273770;55
2035241-7142.106-CAMEL1165;Chinelo Tamanco Modare 7142.106 NP/Sense Flex;7142.106 - CAMEL 1165 33;51;8;8;8;49.06;7298346;110.9;29.8;MLB5183584579;MLB273770;33
2035241-96782.PRETO01CAMEL1165;Chinelo Tamanco Modare 7142.106 NP/Sense Flex;96782.PRETO 01/CAMEL 1165 33;47;8;8;8;49.06;7298346;110.9;29.8;MLB5183584579;MLB273770;33
2035241-96783.NUDE658CAMEL1165;Chinelo Tamanco Modare 7142.106 NP/Sense Flex;96783.NUDE 658/CAMEL1165 33;46;8;8;8;45.99;7298346;110.9;32.5;MLB5183584579;MLB273770;33
2035241-102465avelacamelt;Chinelo Tamanco Modare 7142.106 NP/Sense Flex;102465 avela/camel t 33;24;5;5;5;45.99;7298346;110.9;32.5;MLB5183584579;MLB273770;33
2035241-15745preto;Chinelo Tamanco Modare 7142.106 NP/Sense Flex;15745 preto 33;1;1;1;1;45.99;7298346;110.9;32.5;MLB5183584579;MLB273770;33
2359737-squcafe;Chinelo Feminino Havaianas Slim Square Liso;squ cafe 33/34;48;5;4;5;29.47;7300856;57.9;23.1;MLB5183588683;MLB273770;12
2359737-SQUAREPRETO;Chinelo Feminino Havaianas Slim Square Liso;square preto 33/34;26;5;5;5;29.47;7300856;57.9;23.1;MLB5183588683;MLB273770;12
2359737-smokegreensquare;Chinelo Feminino Havaianas Slim Square Liso;smoke green square 33/34;20;4;4;4;29.47;7300856;57.9;23.1;MLB5183588683;MLB273770;12
2359737-canyonclayn;Chinelo Feminino Havaianas Slim Square Liso;canyon clay n 33/34;15;3;3;3;29.47;7300856;57.9;23.1;MLB5183588683;MLB273770;12
2368040-bs786;Chinelo Cartago 12158 Dallas Tiras Largas;bs786 37/38;70;7;7;7;37.41;7746897;89.9;32.4;MLB7597400744;MLB273770;8
2368040-bm371azulvermelho;Chinelo Cartago 12158 Dallas Tiras Largas;bm371 azul/vermelho 37/38;6;4;4;4;37.41;7746897;89.9;32.4;MLB7597400744;MLB273770;8
2362313-marinhobr;Chinelo Havaianas Brasil;marinho br 33/34;40;7;7;7;27.99;7742541;73.9;36.1;MLB7584859274;MLB273770;12
2362313-AZULNAVALHAVBR;Chinelo Havaianas Brasil;azul naval hav br 33/34;34;7;7;7;27.99;7742541;73.9;36.1;MLB7584859274;MLB273770;12
2366748-ay832marrombege;Chinelo Dedo Cartago 12432 Atlanta II;ay832 marrom/bege 37/38;62;6;6;6;19.79;7746897;46.9;31.8;MLB7597400026;MLB273770;2
2664207-ca113marrommarrom;Chinelo Dedo Masculino Cartago 12578 Sintra;ca113 marrom/marrom 37/38;60;6;6;6;46.77;7746897;110.9;31.8;MLB7597401516;MLB273770;8
2666608-cd051marrommarrom;Chinelo Dedo Masculino Cartago 12706 Ravena;cd051 marrom/marrom 37/38;60;6;6;6;32.73;7746897;78.9;32.5;MLB7597401248;MLB273770;8
2388326-100COREBRANCOBRAPRETO;Chinelo Slide Under Armour 3027787 UA Core 2;100core branco/bra/preto 35/36;57;6;6;6;58.3;7746725;163.9;38.4;MLB7597401986;MLB273770;16
2388326-purplepurplenebula;Chinelo Slide Under Armour 3027787 UA Core 2;purple/purple/nebula 35/36;1;1;1;1;74.2;7746725;163.9;28.7;MLB7597401986;MLB273770;16
2342603-FLAV596PRETO;Tamanco Azaleia 18908 Fabi Light;FL AV596 PRETO 33/34;31;6;6;6;37.54;7746899;89.9;32.2;MLB7597399988;MLB273770;6
2342603-marromcafe;Tamanco Azaleia 18908 Fabi Light;marrom cafe 33/34;18;5;5;5;37.54;7746899;89.9;32.2;MLB7597399988;MLB273770;6
2342603-AZ804COBRENUDEESCURO;Tamanco Azaleia 18908 Fabi Light;AZ804 COBRE/NUDE ESCURO 33/34;1;1;1;1;37.54;7746899;89.9;32.2;MLB7597399988;MLB273770;6
2361827-TOPLMARINHO;Chinelo Havaianas Top Liso;top l marinho 33/34;32;7;7;7;19.99;7742541;46.9;31.4;MLB7584861046;MLB273770;43
2361827-vermelhoapachetopli;Chinelo Havaianas Top Liso;vermelho apache top li 33/34;15;5;5;5;19.99;7742541;46.9;31.4;MLB7584861046;MLB273770;43
2361827-TOPLISOCINZAACO;Chinelo Havaianas Top Liso;top liso cinza aco 33/34;1;1;1;1;19.99;7742541;46.9;31.4;MLB7584861046;MLB273770;43
2600635-by989marrommarrom;Chinelo Cartago Masculino 12640 Durban;by989 marrom/marrom 37/38;47;6;6;6;25.73;7746897;64.9;34.4;MLB5195222843;MLB273770;10
2366747-AS401CATLPRETOPRETO;Chinelo Cartago 11840 Atlanta;as401c/atl preto/preto 37/38;45;5;5;5;19.69;7746897;46.9;32.0;MLB7597400512;MLB273770;6
2640259-cb548marromurso;Chinelo Slide Nuvem Zaxy Air 19419;cb548 marrom urso 33/34;23;6;6;6;44.31;7741603;110.9;34.0;MLB5183579855;MLB273770;7
2640259-cb547offwhitemedio;Chinelo Slide Nuvem Zaxy Air 19419;cb547 off white medio 33/34;22;6;6;6;44.31;7741603;110.9;34.0;MLB5183579855;MLB273770;7
2344016-52531NUDENOBU;Papete Slide Modare 7208.101 Nobuck;52531 nude  nobu 33;41;6;6;6;61.54;7298346;119.99;22.7;MLB5183943041;MLB273770;0
2601946-16143pretopretopreto;Tenis Feminino Actvitta 4841.103 Loc Salem;16143 preto/preto/preto 34;39;6;6;6;78.43;7742087;216.9;37.8;MLB7584860302;MLB23332;14
2363772-HAV.ALOMARINHOMARINHO;Chinelo Havaianas Aloha 24/25;hav.alo/marinho/marinho 37/38;22;2;2;2;28.25;7742541;59.9;26.8;MLB7584956554;MLB273770;1
2363772-HAV.ALOPRETOPRETOCZ;Chinelo Havaianas Aloha 24/25;hav.alo/preto/preto/cz 37/38;14;3;3;3;28.25;7742541;59.9;26.8;MLB7584956554;MLB273770;1
2652172-15745pretoa11;Tamanco Plataforma Feminino Modare 7226.101 Nob Ultra;15745 preto a11 33;24;7;7;7;73.08;7298346;163.9;29.4;MLB5183589069;MLB273770;4
2568442-85432pretocristalpreto;Rasteira Feminina Vizzano 6371.1005 Pelica;85432 preto/cristal/preto 34;18;5;5;5;56.26;7746723;131.9;31.3;MLB5195222107;MLB273770;9
2568442-109616chocolate;Rasteira Feminina Vizzano 6371.1005 Pelica;109616 chocolate 34;4;3;3;3;56.24;7746723;131.9;31.4;MLB5195222107;MLB273770;9
2647725-15745pretosll;Chinelo Slide Feminino Actvitta EVA 4862.100;15745 preto sll 33;14;5;5;5;47.01;7742075;99.9;26.9;MLB7597400976;MLB273770;4
2647725-62016verdeagua;Chinelo Slide Feminino Actvitta EVA 4862.100;62016 verde agua 33;7;5;5;5;47.01;7742075;99.9;26.9;MLB7597400976;MLB273770;4
2619942-35312brancooffa;Papete Slide Feminina Moleca 5500.125 New Nancy;35312 branco off a 33;19;7;7;7;78.29;7742603;179.9;30.5;MLB5183581387;MLB273770;0
2640234-15745pretoa4;Papete Slide Feminina Moleca Suprema 5490.132;15745 preto a4 33;18;6;6;6;49.06;7742603;110.9;29.8;MLB7584970888;MLB273770;2
2391440-pointferrungemsmokgree;Chinelo Havaianas Slim Point;point ferrungem/smok gree 33/34;7;2;1;2;45.17;7742541;84.9;20.8;MLB7584952632;MLB273770;19
2391440-pointcinzaaco;Chinelo Havaianas Slim Point;point cinza aco 33/34;3;2;1;2;45.17;7742541;84.9;20.8;MLB7584952632;MLB273770;19
2391440-pointrosagumcoraltrop;Chinelo Havaianas Slim Point;point rosa gum/coral trop 33/34;3;3;1;3;45.17;7742541;84.9;20.8;MLB7584952632;MLB273770;19
2391440-pointrosegoldbegepalh;Chinelo Havaianas Slim Point;point rose gold/bege palh 33/34;2;2;1;2;45.17;7742541;84.9;20.8;MLB7584952632;MLB273770;19
2447312-verdesalvia;Tamanco Slide Modare 7215.102 Suprema;verde salvia 35;15;3;3;3;79.31;7298346;173.9;28.4;MLB5183593811;MLB273770;18
2644016-15745pretoa6;Sandalia Papete Feminino Modare London 7200.113;15745 preto a6 33;13;7;7;7;84.17;7298346;184.9;28.5;MLB5183592961;MLB273770;2
2620426-by047preto;Papete Slide Feminina Zaxy 19359 Mood;by047 preto 33/34;12;3;3;3;44.31;7741603;104.9;31.8;MLB7584974732;MLB273770;7
2658055-pretocinza102156;Tenis Casual Feminino Actvitta Australia 4841.100;preto/cinza 102156 33;11;7;7;7;98.06;7742087;226.9;30.8;MLB7597401146;MLB23332;0
2363773-DUALPRETOCINZAACO;Chinelo Havaianas Dual;dual preto/cinza aco 35/36;10;1;1;1;36.63;7742541;74.9;25.1;MLB7584974218;MLB273770;4
2363773-VERDEOLIVEBRANCO;Chinelo Havaianas Dual;verde olive/branco 37/38;1;1;1;1;36.63;7742541;74.9;25.1;MLB7584974218;MLB273770;4
2550276-105739marinholaranja;Babuche Molekinho 2874.204 gas/injet;105739 marinho/laranja 23/24;9;4;4;4;52.69;7739769;120.9;30.4;MLB7584973054;MLB273770;-1
2363789-TBASICMARINHOMARBRANC;Chinelo Havaianas Top Basic;t basic marinho/mar/branc 35/36;9;3;3;3;23.55;7742541;46.9;23.8;MLB5183327489;MLB273770;1
2598698-15745pretocalf;Chinelo Rasteira Feminina Slide Vizzano 6371.367 Napa Calf;15745 preto calf 34;3;2;2;2;36.19;7746723;88.9;33.3;MLB7597400398;MLB273770;10
2598698-104068moccacalf13;Chinelo Rasteira Feminina Slide Vizzano 6371.367 Napa Calf;104068 mocca calf13 34;3;2;2;2;36.2;7746723;88.9;33.3;MLB7597400398;MLB273770;10
2568459-15745preto01;Rasteira Feminina Vizzano 6553.101 Napa Garda;15745 preto01 34;2;2;2;2;44.47;7746723;104.9;31.6;MLB7597399734;MLB273770;12
