sku;item_id;titulo;status;preco;estoque;custo;imposto
;MLB4038714945;2x Puff Estilo Industrial Redondo Argola Dourada Confortavel Cor Areia Linho;closed;359.22;999;;
POLTMONA_CORINOCARAMELO;MLB4259001583;Poltrona Decorativa Mona Luxo Madeira Maciça Desenho Do Tecido Caramelo Direto Da Fabrica Facilit Brasil Variadas Liso;active;921.9;9942;340,00;7,0%
POLTGRECIA_BOUCLECRU;MLB4309160515;Puf Orgânico Off Estilo-poltrona Sofisticado Luxo Decorativo Branco;active;707.36;6216;340,00;7,0%
-;MLB4322162379;Poltrona Do Papai Reclinavel Corino Encosto Sala De Estar Cor Preto Para Sala Tv - Amale Home;paused;939.0;10000;;
POLTGRECIA_LINHOCINZA;MLB4382913497;Pufe Orgânico Estilo Poltrona Grécia Em Linho Premium Cinza;active;708.34;10000;340,00;7,0%
PUFFGRECIA_PRETO;MLB4383517073;Puff Estilo Poltrona Orgânica Grécia Estilo Sala Espera Tv Preto;active;799.0;10000;340,00;7,0%
;MLB4398500251;Puff Sofa-1,40 Luxo Sofisticado Elegante Linho Bege Grafite;active;1430.0;19999;580,00;7,0%
SFBENY180-VELUDOPRETO;MLB4461784537;Facilita Facilita Brasil Modena Bari Sofá 1 2 Preto Liso;active;1429.0;9987;;
SFBENY140_LINHOBEGE;MLB4470719293;Sofá Beny De 2 Lugares Para Sala, 140cm, Em Linho Bege Com Pés De Madeira Da Facilita Brasil;active;1519.99;9986;580,00;7,0%
POLTRONACARIVEOFF;MLB4583148843;Poltrona Decorativa Moderna Orgânica Sofisticada Italia Serena Tecido Bouclê Off White P/ Sala De Recepção Clinica Cru Liso;paused;889.9;10000;;
POLTRONAPAPAI-PRETA;MLB4652928129;Poltrona Reclinável Top Sofas Premium Preto Em Corino Para Sala E Amamentação Corino Liso;paused;1030.0;10000;480,00;7,0%
POLTEROS-BEGE;MLB4653152481;Poltrona Do Papai Confortável Reclinável Couro Estofado Bege;active;940.0;10000;;
POLTEROS-PRETO;MLB4653152483;Poltrona Do Papai Confortável Reclinável Couro Estofado Preto;active;940.0;10000;;
PUFFELEGANCE_LINHO/CORINOOFFWHITE;MLB4655117327;Puff Elegance Redondo Confortável Compacto Estofado Leve Off-white/caramelo;active;699.0;9985;340,00;7,0%
KIT2POLTRONASSUITSPRETA;MLB4660696687;Top Chairs Suits;under_review;531.9;10000;258,00;7,0%
KIT4CADEIRASSUITS-PRETA;MLB4661221307;Kit 4 Cadeira Suits Preta Sala Jantar Restaurante Gourmet Suits Preto;paused;1230.0;10000;508,00;7,0%
KIT4POLTRONASSUITS-PRETA;MLB4661229263;Kit 4 Cadeiras Suits Preto Design Geométrico Moderno Empilhável Polipropileno;paused;1039.9;10000;516,00;7,0%
POLTBENY_LINHO_CINZA;MLB4682930591;Poltrona Beny Tecido Linho Leve Quadrada Decorativa Estar Cinza Liso;active;899.9;10000;350,00;7,0%
KIT4POLTRONASSUITSPRETO;MLB4692874427;Kit 4 Poltrona Suits Preta Area Gourmet Restaurante Cozinha Preto Liso;paused;1380.0;10000;516,00;7,0%
SFBENY140_LINHO_BEGE;MLB4692880327;Puff Sofa 1,40m Luxo Sofisticado Barbearia Forte Linho Bege Bege;active;1519.99;9999;580,00;7,0%
POLTEROS_CORINOCARAMELO;MLB4695269193;Poltrona Papai Reclinável Couro Sala Tv Conforto Cadeira Caramelo Liso;active;1020.0;9984;480,00;7,0%
POLTEROS_CORINOCAFE;MLB4695396207;Poltrona Papai Eros Reclinável Couro Sala Tv Conforto Estar Café Liso;active;1199.9;9981;480,00;7,0%
POLTRONAEROS-PRETO;MLB4695468983;Poltrona Papai Eros Reclinável Couro Sala Conforto Cadeira Preto Liso;under_review;1130.0;9996;480,00;7,0%
POLTMANU_LINHO_CINZA;MLB4695819085;Poltrona Cheisselonge Premium Cinza Em Brim Para Sala E Escritório Liso;active;940.0;9997;;
SFMILAO180_CORINOCARAMELO;MLB4695858387;Puff Sofa-1,80 Elegante Corino  Sofisticado Caramelo Luxo Caramelo;active;1590.0;9989;700,00;7,0%
SFMILAO180_CORINOCARAMELO;MLB4695944189;Sofa Sala De Luxo Namoradeira Moderna Barbearia Couro Leve Caramelo Corino;active;1520.0;9987;700,00;7,0%
PUFFELEGANCE_OFFWHITE;MLB4696068885;Poltrona Elegance Estofado Tecido Macio Confortável Puff Off-white/caramelo Liso;active;730.0;9999;;
POLTMANU_LINHO_BEGE;MLB4698902885;Poltrona Nuvem Confort Sala Leve Barbearia Restaurante Leve Bege Liso;active;940.0;10000;;
POLTEROS_CORINOCARAMELO;MLB4701515641;Poltrona Papai Reclinável Couro Sala Tv Estar Conforto Cadeira Caramelo Facilita Brasil Estofados Liso;active;1020.0;9986;480,00;7,0%
POLTGRECIA_LINHO_BEGE;MLB4702629379;Puff Grecia Bege Conforto Hall Leve Compacto Elegante Bege;active;980.0;9999;340,00;7,0%
POLTGRECIA_LINHO_CAPUCCINO;MLB4709252151;Puff Grecia Conforto Tecido Brim Sala Tv Salão De Beleza Compacto Elegante Leve Salão De Beleza Fotografia Capuccino;active;860.9;10000;340,00;7,0%
POLTEROS_CORINOBEGE;MLB4709278071;Facilita Brasil Premium Cheisselonge Poltrona Off White Liso;active;1020.0;9992;480,00;7,0%
SFMILAO140_CORINOPRETO;MLB4717228777;Pufe Sofá 2 Lugares 1.40cm Corino Barbearia Loja Luxo F/limp Preto;active;1239.9;9984;500,00;7,0%
SFBENY180_LINHOCINZA;MLB4719096939;Sofá 3 Lugares Facilita Brasil Beny De Linho Cinza 180cm Cinza Liso;active;1699.0;9994;610,00;7,0%
SOFACAMA-BEGE180;MLB4719690011;Sofá Cama Bege Suede Reclinável Estofado Sala Leve Madeira Bege Liso;active;1074.82;9992;747,00;7,0%
SFBENY140_LINHO_CINZA;MLB4721841565;Sofá Beny Estofado Quadrado Forte Leve Sala Estar Luxo Grafite 140cm Liso Quadrado Compacto Cinza;active;1269.0;9997;580,00;7,0%
KIT2POLTIGRROSA;MLB4753151181;Kit 2 Poltrona Concha Estofado Hall Sala Estética Escritório Rosa Liso;paused;469.99;25;;
SFMOBLY180_VERDE;MLB4753411265;Sofá Cama Casal Queen Reclinável Bicama Estofado Leve Verde Verde Liso;active;1660.0;9975;;
SFMILAO140_CORINOCARAMELO;MLB4769875681;Pufe Sofá 2 Lugares 1.40cm Corino Barbearia Loja Luxo F/limp Caramelo;active;1239.0;9990;500,00;7,0%
7890759894790;MLB4781049663;Rofemar Moveis Jogo 2 Poltronas Cadeira Estofada Concha Decorativa Namoradeira Para Quarto E Recepção Cor Rosa Sala De Espera Hall Liso;paused;490.9;0;;
SFBENY140_LINHOCINZA;MLB4787622947;Puff Sofá 1,40m Luxo Sofisticado Elegante Linho Grafite Sala Tv Confortável Casa Apartamento;active;1430.0;10000;580,00;7,0%
RACKNEWAUROCINMEL;MLB4790206795;Rack Para Tv De 65 Polegadas Com Porta Ripada De Correr New Aurora Estante E Prateleira Cor Cinamomo Mel;paused;694.9;0;249,00;7,0%
ESCMADRIBRAN;MLB4790259617;Escrivaninha Gamer Mesa Para Pc Escritorio E Estudos Home Office Com Espaço Para Dois Monitores Madri Branca Branco;paused;312.99;58;;
ESCCONCEPTBRAN;MLB4792795095;Escrivaninha Para Escritório 136cm Moderna Home Office Computador Ampla Resistente Design Minimalista Branco;paused;387.8;0;;
ESCCONCEPTAMENDPRET;MLB4792801611;Mesa Para Pc Escrivaninha Para Escritório 136cm Moderna Home Office Computador Ampla Resistente Design Minimalista Amêndoa Preta;paused;387.8;0;;
ESCCONCEPTBRAN;MLB4792823351;Mesa Para Pc Escrivaninha Para Escritório 136cm Moderna Home Office Computador Ampla Resistente Design Minimalista Branca Branco;paused;387.8;0;;
ESCCONCEPTAMENDPRET;MLB4792825101;Escrivaninha Para Escritório 136cm Moderna Home Office Computador Ampla Resistente Design Minimalista Amêndoa Preta;paused;387.8;0;;
SFBENY180_CORINOPRETO;MLB4814267673;Sofá Beny 180cm Estofado Confortável Madeira Forte Sala C/ Almofada De Brinde Estar Moderno Hall Corino Preto Liso Preto Liso;active;1599.0;9994;610,00;7,0%
SFBENY140_CORINO_PRETO;MLB4814268629;Sofá Beny 140cm Estofado Confortável Madeira Forte Sala C/ Almofada De Brinde Estar Moderno Hall Corino Preto Liso;active;1499.9;9999;580,00;7,0%
MSCADEESCRITOPRETO;MLB4868078785;Cadeira Home Office Escritório Presidencial Diretor Ergonômica Reclinável C/ Regulagem Resistente Preto Espuma;paused;475.99;9995;160,00;7,0%
POLTMONA_LINHOCINZA;MLB4875060891;Poltrona Mona Luxo Madeira Maciça Tecido Linho Cinza;active;805.99;9996;340,00;7,0%
SFBENY140_LINHO_AZUL;MLB4907962245;Sofá Estofado Moderno Para Sala Confortável Com Estrutura E Pés De Madeira Azul Linho Premium Liso;active;1319.9;9998;580,00;7,0%
SOFABENY-LINHOAZUL140;MLB4907966309;Sofá Beny Linho Premium Azul Futon Recepção Decorativo Moderno Forte Azul Liso 140cm Confortável Facil Limpeza;under_review;1399.9;9998;580,00;7,0%
SFBENY140_LINHO_AZUL;MLB4908225281;Sofá Beny Linho Azul Futon Recepção Decorativo Moderno Leve Azul Liso;active;1399.9;9998;580,00;7,0%
SFMOBLY180_AZUL;MLB4936908031;Sofá Cama Futon Barbearia Recepção Decorativo Moderno Leve Sala Tv Espera Hall Restaurante 180cm Azul Capitonê;active;1644.99;9999;;
SFBENY180_LINHO_BEGE;MLB4937160113;Sofá Beny Barbearia Recepção Decorativo Moderno Bege Claro Bege Liso;active;1499.0;9997;610,00;7,0%
ESCME4153VERM;MLB4949313371;Maxi Do Brasil Escrivaninha Games Mdf Preto/vermelho;active;567.99;53;192,00;7,0%
SFMOBLY180_BEGE;MLB4954153121;Sofá Cama Retrátil Reclinável Sala Espera Tv Moderno Macio Bege Capitonê;active;1526.99;9999;;
SFMOBLY180_MARROM;MLB4954162579;Sofá Cama Retrátil Reclinável Sala Espera Tv Moderno Macio Marrom Capitonê;active;1526.99;9999;;
POLTBENY_LINHOPRETO;MLB4969935201;Poltrona Beny Linho Preto Conforto Premium Quadrada Forte Preto Liso;active;899.0;10000;350,00;7,0%
7891451620922;MLB5143971031;Escrivaninha Mesa Gamer Para Computador Pc Dois Andares Com Espaço Com Monitores E Cpu Escritório, Quarto Espaçoso Cor Azul Preto/azul;under_review;600.9;1;;
POLTBENY_LINHOCINZA;MLB5145527375;Poltrona Beny Quadrada Estofada 1 Lugar Com Estrutura E Base De Madeira Para Sala Quarto Recepção Confortável Moderna Cinza Linho;active;717.99;10000;350,00;7,0%
POLTBENY_LINHOBEGE;MLB5145856505;Poltrona Beny Salão Beleza Barbearia Escritório Recepção Tv Bege Liso;active;899.0;10000;350,00;7,0%
POLTNEWMONA;MLB5146657169;Poltrona Facilita Brasil New Mona 63cm Pes De Madeira Sala Bege;paused;599.99;10000;340,00;7,0%
SOFAMILAO-PRETO180;MLB5146930395;Sofa Facilita Brasil Milao 1,80m Corino Preto Pes Madeira Preto Liso;paused;985.92;10000;700,00;7,0%
SOFANUVEM-BEGE;MLB5147812017;Sofá Namoradeira 2 Lugares 1,45m Nuvem Almofadas Soltas Bege Liso;paused;964.03;50;550,00;7,0%
SOFANUVEM-CINZA;MLB5147824403;Sofá Namoradeira 2 Lugares 1,45m Nuvem Almofadas Soltas Cinza Liso;paused;964.03;50;550,00;7,0%
POLTRONAEROS-PRETA;MLB5147830171;Poltrona Do Papai Reclinável Preta Porta Copo Bolso Eros Preta Liso;paused;863.31;50;480,00;7,0%
PUFFGRECIA-PRETO;MLB5149767791;Facilita Brasil Poltrona Moderna Estofado Preto;active;808.31;10000;340,00;7,0%
POLTRONAEROS-CAFE;MLB5150810907;Poltrona Do Papai Reclinável Preta Porta Copo Bolso Eros Café Liso;paused;863.31;1000;480,00;7,0%
POLTRONAEROS-CARAMELO;MLB5150810909;Poltrona Do Papai Reclinável Preta Porta Copo Bolso Eros Caramelo Liso;paused;863.31;1000;480,00;7,0%
SOFAMILAO-CARAMELO180;MLB5150866369;Sofa Facilita Brasil Milao 1,80m Corino Preto Pes Madeira Caramelo Liso;paused;985.92;1000;700,00;7,0%
POLTMANU_LINHO_CINZA;MLB5151073857;Poltrona Elegance Estofado Tecido Macio Confortável Puff Cinza Liso;active;940.0;1000;;
POLTMANU_LINHO_BEGE;MLB5151073859;Poltrona Elegance Estofado Tecido Macio Confortável Puff Bege Liso;active;940.0;1000;;
POLTGRECIA_LINHOCINZA;MLB5163210353;Puff Grecia Estofado Conforto Redondo Sala Estar Escritório Recepção Hall Cinza Brim Linho;paused;478.87;10000;340,00;7,0%
PUFFGRECIA-PRETO;MLB5163245965;Puff Redondo Estofado Grecia Conforto Tecido Brim Sala Tv Salão De Beleza Compacto Elegante Leve Salão De Beleza Fotografia Preto;active;808.31;10000;340,00;7,0%
SFYARA140_VELUDO_CINZA;MLB5163319305;Sofá Cama Reclinável Yara Suede Capitonê Sala Tv Hall Entrada Restaurante Apartamento Recepção Decorativo Moderno Leve Grafite 140cm;active;1336.99;9999;650,00;7,0%
SFYARA140_VELUDO_MARROM;MLB5163511917;Sofá Cama Reclinável Yara Suede Capitonê Sala Tv Hall Entrada Restaurante Apartamento Recepção Decorativo Moderno Leve Marrom 140cm;active;1336.99;9998;650,00;7,0%
SFBENY180_LINHO_BEGE;MLB5163518821;Sofá 3 Lugares Beny 180cm Retratil Moderno Sala Estar Luxo Puff Poltrona Pufe Bege;active;1499.0;9997;610,00;7,0%
SFYARA180_VELUDOAZUL;MLB5163848249;Sofa Cama Capitonet Sala Tv Tecido Suede Madeira Eucalipto Azul;active;1799.0;10000;762,00;7,0%
SFYARA180_VELUDOBEGE;MLB5163903435;Sofa Cama Capitonet Sala Tv Tecido Suede Madeira Eucalipto Bege;active;1799.0;10000;762,00;7,0%
SFYARA180_VELUDOMARROM;MLB5163903437;Sofa Cama Capitonet Sala Tv Tecido Suede Madeira Eucalipto Marrom;active;1799.0;10000;762,00;7,0%
SOFAYARA-CINZA180;MLB5163903439;Sofa Cama Capitonet Sala Tv Tecido Suede Madeira Eucalipto Cinza;active;1799.0;10000;762,00;7,0%
SFYARA180_VELUDOTERRACOTA;MLB5163903441;Sofa Cama Capitonet Sala Tv Tecido Suede Madeira Eucalipto Terracota;active;1799.0;10000;762,00;7,0%
POLTRONABENY-BEGE;MLB5164133339;Poltrona Beny Pés E Base Em Madeira Linho Facilita Brasil Bege Linho;paused;799.99;1000;350,00;7,0%
SFMOBLY180_VELUDOPRETO;MLB5166746541;Sofa Cama 1 80 Preto Megmobilia Confort Divino Retrátil Moderno Reclinavel Moderno Confortavel Direto Da Fabrica Liso;active;1799.0;10000;;
SFMILAO180_CORINOPRETO;MLB5168161049;Puff Sofa Orgânico Off Poltrona Sofisticado Decorativo Preto;active;1524.47;1500;;
SFMOBLY180_VELUDOCINZA;MLB5169655315;Sofá Cama Cinza Confort Divino Retrátil Reclinável Moderno Confortável Direto De Fabrica Sala Estar Hall Espera Liso;active;1526.99;9998;;
SFMILAO180_PRETO;MLB5170213749;Sofá Beny 180cm Estofado Confortável Madeira Forte Sala C/ A Preto Liso;active;1500.0;999;;
SFYARA140_VELUDOBEGE;MLB5171648627;Sofá Cama Reclinável Yara Suede Capitonê Sala Tv Hall Entrada Restaurante Apartamento Recepção Decorativo Moderno Leve Bege 140cm;active;1336.99;9999;650,00;7,0%
SOFAYARAFORNEC-MARROM140;MLB5171687703;Sofá Cama Reclinável Yara Suede Capitonê Sala Tv Hall Entrada Restaurante Apartamento Recepção Decorativo Moderno Leve Marrom 140cm;under_review;1336.99;1500;650,00;7,0%
SOFAYARAFORNEC-MARROM140;MLB5171687705;Sofá Cama Reclinável Yara Suede Capitonê Sala Tv Hall Entrada Restaurante Apartamento Recepção Decorativo Moderno Leve Grafite 140cm;under_review;1336.99;15000;650,00;7,0%
SFMANU_CINZA;MLB5172322149;Puff Namoradeira 2 Lugares 145cm Linho Premium Cinza;active;1055.0;1500;;
SOFANUVEM-BEGE;MLB5172334545;Puff Namoradeira 2 Lugares 145cm Linho Premium Bege;active;1055.0;1500;550,00;7,0%
SFYARA140_VELUDOMARROM;MLB5172926945;Sofá Yara Suede Bege Sala Recepção Decorativo Moderno Leve Marrom Capitonê;active;1336.99;1500;650,00;7,0%
SFYARA140_VELUDOCINZA;MLB5172926949;Sofá Yara Suede Bege Sala Recepção Decorativo Moderno Leve Cinza Capitonê;active;1336.99;15000;650,00;7,0%
ESCME4153AZUL;MLB5174068651;Escrivaninha Mesa Gamer Para Computador Pc Dois Andares Com Espaço Com Monitores E Cpu Escritório, Quarto Espaçoso Cor Azul Preto/azul Preto/azul;active;600.9;55;192,00;7,0%
KIT2POLTRONASMONA-CINZA;MLB5174090835;Conjunto 2 Poltronas Decorativa Mona Sala De Estar E Recepção Com Pés Em Madeira Maciça Cor Linho Cinza Claro;active;1536.99;9992;680,00;7,0%
POLTBENY_LINHOBEGE;MLB5174104333;Poltrona Decorativa Beny Para Recepção Sala Escritório Cor Bege 201 Desenho Do Tecido Linho;active;899.0;10000;350,00;7,0%
KIT2POLTRONAMONA-BEGE;MLB5174107161;Kit 2 Poltrona Confortável Premium Mona Estofada Decorativa Tecido Linho Cor Bege Com Pés Madeira Para Sala Estar Recepção - V88 Ecommerce Liso;active;1112.49;9997;680,00;7,0%
KIT2POLTRONASMONACORINO-CARAMELO;MLB5174110641;Conjunto - 2 Poltronas Mona Luxo Madeira Maciça Castellar Cor Corino Caramelo;active;1530.0;9987;680,00;7,0%
POLTMONA_LINHOCINZA;MLB5174159871;Poltrona Mona Luxo Madeira Maciça Tecido Linho Cinza;paused;805.99;9996;340,00;7,0%
POLTRONANUVEMCONFORT-CINZA;MLB5174164677;Poltrona Cheisselonge Premium Cinza Em Brim Para Sala E Escritório Liso;active;979.02;9997;350,00;7,0%
SFBENY180_LINHOCINZA;MLB5174170443;Sofá Beny Estofado Quadrado Forte Leve Sala Estar Luxo Grafite Liso;active;1559.99;9994;610,00;7,0%
SFBENY180_LINHO_BEGE;MLB5174171519;Sofá Beny Barbearia Recepção Decorativo Moderno Bege Claro Bege Liso;active;1499.0;9997;610,00;7,0%
SFBENY180_LINHOBEGE;MLB5174171523;Sofá 3 Lugares Beny 180cm Retratil Moderno Sala Estar Luxo Puff Poltrona Pufe Bege;active;1499.0;9997;610,00;7,0%
SFBENY180-VELUDOPRETO;MLB5174182313;Facilita Facilita Brasil Modena Bari Sofá 1 2 Preto Liso;active;1429.0;9987;;
SFBENY180_CORINOPRETO;MLB5174185133;Sofá Beny 180cm Estofado Confortável Madeira Forte Sala C/ Almofada De Brinde Estar Moderno Hall Corino Preto Liso Preto Liso;active;945.74;9994;610,00;7,0%
SFBENY180_CINZA;MLB5174186303;American Wood Megmobilia Sofa Requinte Namoradeira Linho Poltrona Cinza/grafite Liso;active;899.22;9993;;
SFBENNY180_LINHO_AZUL;MLB5174189551;Sofá Beny Linho Azul Futon Recepção Decorativo Moderno Forte Azul Liso;active;1380.99;9999;;
SFBENY180_LINHOAZUL;MLB5174189569;Sofá Beny Linho Tecido Premium Macio Sala Escritório Costura Indiana Azul 180cm Confortável Facil Limpeza Durável Liso;active;1380.99;9999;;
SOFACAMA-BEGE180;MLB5174192987;Sofá Cama Bege Suede Reclinável Estofado Sala Leve Madeira Sala De Espera Tv Hall Entrada Restaurante Leve 184cm Liso;active;1485.12;9992;747,00;7,0%
SFMILAO140_CORINOCARAMELO;MLB5174195771;Pufe Sofá-corino Loja Barbearia Casa-sala Sofisticado Luxo Cor Caramelo;active;1390.0;9992;500,00;7,0%
POLTGRECIA_BOUCLECRU;MLB5174303097;Puf Orgânico Off Estilo-poltrona Sofisticado Luxo Decorativo Branco;active;707.36;6216;340,00;7,0%
SFBENNY180_LINHO_VERDE;MLB5175387145;Sofá Beny Barbearia Recepção Decorativo Moderno Verde Linho Verde Liso;active;1383.99;9999;;
POLTMANU_LINHO_BEGE;MLB5178423997;Poltrona Decorativa Estofada Para Sala Confortável Com Almofada Solta Design Moderno Em Brim Bege Liso;active;940.0;10000;;
KIT2POLTRONASMONA-CINZA;MLB5661124288;Conjunto 2 Poltronas Decorativa Mona Sala De Estar E Recepção Com Pés Em Madeira Maciça Cor Linho Cinza Claro;active;1536.99;9992;680,00;7,0%
;MLB5696570996;Kit 2poltrona Decorativa Pémadeira Sofisticada Recepção Luxo;active;1239.99;20000;680,00;7,0%
;MLB5781340396;Pufe Sofá 2 Lugares 1.40cm Corino Barbearia Loja Luxo F/limp;closed;1239.0;20000;;
POLTBENY_LINHOCINZA;MLB5823429926;Poltrona Benny Pés Base Madeira Linho Cotton Para Sala Cinza;active;891.99;9998;350,00;7,0%
POLTRONAMONACORINO-PRETO;MLB5823454836;Poltrona Decorativa Mona Luxo Madeira Maciça Desenho Do Tecido Corino Preto Variadas;paused;1040.9;9954;340,00;7,0%
POLTMONA_LINHOBEGE;MLB5824105666;Poltrona Decorativa Luxo Mona Madeira Maciça Cores Cor Linho Bege;active;932.99;9974;340,00;7,0%
POLTRONAMONA-CINZA;MLB5830423398;Poltrona Mona Pés Em Madeira Tecido Veludo Cinza;paused;830.0;10000;340,00;7,0%
SFMILAO140_CORINOCARAMELO;MLB5836742752;Pufe Sofá-corino Loja Barbearia Casa-sala Sofisticado Luxo Cor Caramelo;active;1390.0;9992;500,00;7,0%
POLTMONA_VELUDOAZUL;MLB5946558910;Castellar Mobile Poltrona Decorativa Mona Luxo Madeira Maciça Desenho Do Tecido Veludo Azul Variadas;active;921.9;9993;340,00;7,0%
KIT2POLTMONA_LINHOBEGE;MLB6016706776;Conjunto Com 2 Poltronas Bella Design Poltrona Mona Cor Bege Linho;active;1430.0;9999;680,00;7,0%
POLTGRECIA_LINHOCAPUCCINO;MLB6093665096;Puff Grécia Estilo Poltrona Confortável Sala Tv Espera Leve Cappuccino;active;860.9;10000;340,00;7,0%
POLTGRECIA_LINHOCAPUCCINO;MLB6093846820;Puff Poltrona Grécia Orgânica Com Design Elegante Luxo Cappuccino;active;708.34;3425;340,00;7,0%
SFBENY140_CORINOPRETO;MLB6142882650;Puff Sofá Beny 140cm Corino Confortável Madeira Tv Sala Leve Preto;active;1599.99;10000;580,00;7,0%
SFMOBLY180_MARROM;MLB6211090412;Sofá-cama Facilita Brasil 1 80 Marrom Confort Divino Retrátil Moderno Confortável Direto Da Fabrica Design Luxo Liso;active;1640.0;9977;;
KIT2POLTMONA_LINHOCINZA;MLB6219810452;Conjunto 2 Poltronas Decorativa Mona Luxo Pés Em Madeira Maciça Cor Linho Cinza Direto Da Fabrica Facilita Brasil Liso;active;1229.0;10000;680,00;7,0%
SOFACAMA-AZUL180;MLB6230926776;Sofá-cama Megmobilia Sofa Cama 1 80 Azul Confort Tecido Nobre Loja Da Fabrica Divino Retrátil Moderno Reclinável Confortável Design Luxo Azul-marinho Liso;paused;1539.98;9986;747,00;7,0%
SFBENY180_CINZA;MLB6231185472;American Wood Megmobilia Sofa Requinte Namoradeira Linho Poltrona Cinza/grafite Liso;active;1430.0;9993;;
SOFABENY-BEGE140;MLB6235844264;Sofá Pequeno 2 Lugares Amale Home De Linho Cru Para Apartamento Moderno Com Base De Madeira E 2 Almofadas Decorativas;paused;1429.99;9988;580,00;7,0%
POLTBENY_LINHOPRETO;MLB6410008096;Poltrona Beny Linho Pés E Base Madeira Luxo Com 2 Almofadas Cor Preto Desenho Do Tecido Liso;active;899.0;9999;350,00;7,0%
POLTRONAMONA-BEGE;MLB6712960192;Poltrona Decorativa Mona Luxo Madeira Maciça Desenho Do Tecido Linho Bege Claro Variadas;paused;939.0;9975;340,00;7,0%
SFMOBLY180_VELUDOCINZA;MLB6717022002;Sofá Cama 180 Cinza Suede Reclinável Estofado Sala Leve Cinza Liso;active;1221.14;9992;;
SFMOBLY180_PRETO;MLB6717142616;Sofá Cama 180 Preto Suede Reclinável Estofado Sala Leve Preto Liso;active;1430.0;9994;;
PUFFELEGANCE_LINHO/CORINOCINZA;MLB6717444126;Puff Elegance Redondo Confortável Compacto Estofado Leve Cinza/preto;active;699.0;9998;340,00;7,0%
KIT4CADEIRASSUITS-FENDI;MLB6731568242;Kit 4 Cadeira Suits Nude Sala Jantar Restaurante Cozinha Suits Nude;paused;1130.0;10000;508,00;7,0%
KIT4CADEIRASSUITS-NUDE;MLB6731997422;Cadeira Suits Nude Sala Jantar Restaurante Gourmet - Kit 4 Liso;paused;930.9;10000;508,00;7,0%
KIT4CADEIRASSUITS-FENDI;MLB6732461612;Kit 4 Cadeira Suits Fendi Sala Jantar Restaurante Cozinha Suits Fendi;paused;1230.0;10000;508,00;7,0%
KIT4CADEIRASSUITSPRETA;MLB6732519444;Kit 4 Cadeira Suits Preta Sala Jantar Área Lazer Restaurante Liso Preto;under_review;940.0;10000;508,00;7,0%
SFBENY180_LINHOCINZA;MLB6756161546;Sofá Estofado Moderno Para Sala Confortável Com Estrutura E Pés De Madeira Cinza;active;1699.0;9972;610,00;7,0%
SFMILAO140_CORINOCARAMELO;MLB6761563794;Pufe Sofá 2 Lugares 1.40cm Corino Barbearia Loja Luxo F/limp Caramelo;active;1239.0;9990;500,00;7,0%
SFMILAO140_CORINOPRETO;MLB6761563796;Pufe Sofá 2 Lugares 1.40cm Corino Barbearia Loja Luxo F/limp Preto;active;1239.9;9984;500,00;7,0%
KIT2POLTMONA_CORINO_CARAMELO;MLB6762214894;Conjunto - 2 Poltronas Mona Luxo Madeira Maciça Castellar Cor Corino Caramelo;active;1530.0;9987;;
POLTBENY_LINHO_CINZA;MLB6777799700;Poltrona Beny Tecido Linho Leve Quadrada Decorativa Sala Grafite Liso;active;889.0;10000;350,00;7,0%
POLTBENY_LINHOCRU;MLB6782525936;Poltrona Beny Pés E Base Em Madeira Linho Cotton Cru Liso;active;899.0;10000;350,00;7,0%
POLTBENY_LINHOBEGE;MLB6783558400;Poltrona Decorativa Beny Para Recepção Sala Escritório Cor Bege 201 Desenho Do Tecido Linho;active;899.0;10000;350,00;7,0%
POLTGRECIA_LINHO_CINZA;MLB6801464762;Puff Orgânico Estilo Poltrona Grécia Em Linho Premium Cinza;active;925.0;10000;340,00;7,0%
KIT2PUFFGRECIA_LINHOBEGE;MLB6801469560;Puf Kit-organico Estilo-poltrona Sofisticado Decorativo Luxo Bege;active;1460.0;9997;680,00;7,0%
POLTEROS_CORINOBEGE;MLB6807893092;Poltrona Papai Reclinável Sala Bege Conforto Máximo Leve Bege Liso;active;1120.0;9998;480,00;7,0%
SFMOBLY180_AZULTURQUESA;MLB6808480140;Sofá Cama Casal Queen Reclinável De 3 Lugares, Moderno, Com Pés Em Madeira Maciça E Suede Azul Turquesa Liso;active;1123.49;9999;;
POLTMANU_LINHO_CINZA;MLB6808610576;Poltrona Nuvem Confort Sala Leve Barbearia Restaurante Leve Cinza Liso;active;940.0;9997;;
PUFFELEGANCE_CINZA;MLB6809395260;Poltrona Elegance Estofado Tecido Macio Confortável Puff Cinza/preto Liso;active;730.0;10000;;
POLTGRECIA_LINHO_BEGE;MLB6837280758;Puff Redondo Grande Estofado 74cm Para Sala Decorativo Com Estrutura De Madeira Confortável Bege;active;805.99;10000;340,00;7,0%
POLTEROS_CORINOPRETO;MLB6837894802;Poltrona Papai Couro Eros Reclinável Sala Tv Estar Conforto Preto Facilita Brasil Liso;active;1020.0;9995;480,00;7,0%
POLTEROS_CORINO_CAFE;MLB6837942694;Poltrona Café Papai Couro Eros Reclinável Sala Tv Estar Conforto Facilita Brasil Liso;active;1199.9;9997;480,00;7,0%
SFMILAO140_CORINO_PRETO;MLB6854035896;Gf8 Ecommerce - Sofá Decorativo Estofado Courino Com Almofadas Barato Pequeno Para Sala De Recepção Clinica Preto Liso;active;1360.0;9997;500,00;7,0%
SFBENY180_LINHOCINZA;MLB6855215224;Sofá Beny Estofado Quadrado Forte Leve Sala Estar Luxo Grafite Liso;active;1559.99;9994;610,00;7,0%
POLTGRECIA_LINHOCINZA;MLB6856245090;Puff Grecia Estofado Conforto Redondo Sala Estar Escritório Recepção Hall Cinza Brim Linho;active;749.99;10000;340,00;7,0%
SFBENY140_LINHO_CINZA;MLB6857452438;Sofá Conforto Beny 140cm Retratil Moderno Sala Estar Luxo Cinza Liso;active;1440.99;10000;580,00;7,0%
SFMOBLY180_VELUDOMARROM;MLB6858113344;Sofá Cama Forte Suede Reclinável Estofado Sala Leve Madeira Marrom Liso;paused;1629.99;9998;;
KIT4CADEIRASSUITS-FENDI;MLB6917913198;Kit 4 Cadeira Suits Nude Sala Jantar Restaurante Cozinha Suits Nude Bege;paused;1130.0;10000;508,00;7,0%
SFBENY140_LINHO_BEGE;MLB6918815648;Puff Sofa Sala Tv Luxo Sofisticado Elegante Linho Bege Hall Restaurante Casa Apartamento;active;1430.0;9999;580,00;7,0%
SFMOBLY180_VELUDOTERRACOTA;MLB6936131300;Sofá Cama Forte Suede Reclinável Estofado Sala Leve Madeira Terracota Liso;active;1390.0;9999;;
MSCADEESCRITOPRETO;MLB6946075302;Cadeira Presidente Facilita Brasil C310 Ergonômica Giratória Com Encosto Reclinável Preto Malha;paused;699.0;9987;160,00;7,0%
KIT2POLTRONAMONA-BEGE;MLB6947668652;Kit 2 Poltrona Confortável Premium Mona Estofada Decorativa Tecido Linho Cor Bege Com Pés Madeira Para Sala Estar Recepção - V88 Ecommerce Liso;active;995.5;9997;680,00;7,0%
KIT2PUFFGRECIA_LINHOBEGE;MLB6961009232;Puff Redondo Grande Estofado 74cm Para Sala Decorativo Com Estrutura De Madeira Confortável Bege;active;1460.0;9997;680,00;7,0%
POLTRONAMONA-LINHOCINZA;MLB6976790144;Poltrona Decorativa Madeira Maciça Luxo Mona Linho Cinza Variadas;paused;855.9;9993;;
RACKNEWAUROPEROLA;MLB6983958012;Rack New Aurora Para Tv Até 65  Com Porta Ripada E Nichos  Maxi Do Brasil, Pérola;paused;694.9;99;249,00;7,0%
RACKNEWAUROCINMEL;MLB6984213932;Rack Bancada Para Tv De Até 75 Polegadas New Aurora Ripado Com Porta E Prateleira Cor Mel Cinamomo Mel;paused;694.9;17;249,00;7,0%
ESCME4153AZUL;MLB6984685754;Escrivaninha Mesa Gamer Para Computador Pc Dois Andares Com Espaço Com Monitores E Cpu Escritório, Quarto Espaçoso Cor Azul Preto/azul Preto/azul;active;600.9;55;192,00;7,0%
ESCME4153VERM;MLB6988345232;Escrivaninha Gamer Maxi Do Brasil Preta E Vermelha Para Pc E Monitor Preto/vermelho;active;467.6;54;192,00;7,0%
POLTBENY_CORINOPRETO;MLB7044870930;Poltrona Beny Couro Preto Quadrado Sala Tv Estar Hall Restaurante Confortável Leve E Resistente Recepção Liso;active;899.99;10000;374,50;7,0%
MSCADEESCRITOPRETO;MLB7067363676;Cadeira De Escritório Ergonômica Giratória Presidente Com Mesh Preta Cadeira Presidencial Preta Mesh Com Base Cromada;paused;449.0;9997;160,00;7,0%
POLTBENY_CORINO_PRETO;MLB7069390804;Poltrona Beny Couro Preto Quadrado Sala Tv Estar Resistente Preto Liso;active;899.99;9998;374,50;7,0%
POLTRONANUVEMCONFORT-BEGE;MLB7168413378;Poltrona Decorativa Estofada Para Sala Confortável Com Almofada Solta Design Moderno Em Brim Bege Liso;paused;939.99;10000;350,00;7,0%
SFBENY140_LINHO_VERDE;MLB7190838894;Sofá Beny Linho Verde 140cm Recepção Decorativo Moderno Leve Verde Liso;active;1288.99;9998;580,00;7,0%
SFYARA140_VELUDOBEGE;MLB7191463116;Sofá Yara Suede Bege Sala Recepção Decorativo Moderno Leve Bege Capitonê;active;1336.99;9999;650,00;7,0%
SFYARA140_VELUDO_CINZA;MLB7191818798;Sofá Yara Suede Cinza Sala Recepção Decorativo Moderno Leve Cinza Capitonê;active;1336.99;9999;650,00;7,0%
SFYARA140_VELUDO_MARROM;MLB7191880994;Sofá Yara Suede Marrom Sala Recepção Decorativo Moderno Leve Marrom Capitonê;active;1336.99;9998;650,00;7,0%
SFBENNY180_LINHO_AZUL;MLB7192548236;Sofá Beny Linho Azul Futon Recepção Decorativo Moderno Forte Azul Liso;active;1380.99;9999;;
SOFABENY-LINHOAZUL180;MLB7192785862;Sofá Beny Linho Tecido Premium Macio Sala Escritório Costura Indiana Azul 180cm Confortável Facil Limpeza Durável Liso;active;1380.99;9999;610,00;7,0%
SFMOBLY180_VELUDOAZULTURQUESA;MLB7238533114;Sofá Cama Azul Barbearia Recepção Moderno Reclinável Forte Azul-turquesa Capitonê;active;1626.99;1;;
SFMOBLY180_VERDE;MLB7266373954;Sofá Cama Retrátil Reclinável Sala Espera Tv Moderno Macio Verde Capitonê;active;1660.0;10000;;
SOFACAMA-PRETO180;MLB7266373956;Sofá Cama Retrátil Reclinável Sala Espera Tv Moderno Macio Preto Capitonê;under_review;1526.99;9999;747,00;7,0%
SFMOBLY180_AZUL;MLB7266373958;Sofá Cama Retrátil Reclinável Sala Espera Tv Moderno Macio Azul Capitonê;active;1644.99;10000;;
SFMOBLY180_TERRACOTA;MLB7266373966;Sofá Cama Retrátil Reclinável Sala Espera Tv Moderno Macio Terracota Capitonê;active;1526.99;9999;;
SFBENNY180_LINHO_VERDE;MLB7272119852;Sofá Beny Barbearia Recepção Decorativo Moderno Verde Linho Verde Liso;active;1383.99;9999;;
POLTBENY_LINHOPRETO;MLB7295683762;Poltrona Beny Papai Estofado Quadrada Confortável Macio Linho Premium Forte Almofadada Preto Liso;active;899.0;10000;350,00;7,0%
POLTIGRROSA;MLB7317923030;Poltrona Cadeira Estofada Concha Decorativa Hall Salão Sala Rosa Liso;paused;235.99;9970;;
7890759894790;MLB7526665314;Rofemar Moveis Jogo 2 Poltronas Cadeira Estofada Concha Decorativa Namoradeira Para Quarto E Recepção Cor Rosa Sala De Espera Hall Liso;paused;99.0;0;;
POLTIGRROSA;MLB7529387756;Poltrona Cadeira Decorativa Namoradeira Estofada Formato Concha Para Recepção E Sala De Tv Cor Rosa Liso;paused;235.99;9970;;
7891451620922;MLB7530989838;Escrivaninha Mesa Gamer Para Computador Pc Dois Andares Com Espaço Com Monitores E Cpu Escritório, Quarto Espaçoso Cor Azul Preto/azul;under_review;5000.0;1;;
POLTBENY_LINHO_CINZA;MLB7531752958;Poltrona Decorativa Recepção Sala Luxo Facilita Brasil Pés E Base Em Madeira Linho Grafite;active;889.0;10000;350,00;7,0%
SFBENY180_LINHO_BEGE;MLB7534274634;Sofá Cama Bege Suede Reclinável Estofado Sala Leve Madeira Sala De Espera Tv Hall Entrada Restaurante Leve 184cm Liso;active;1074.82;9992;610,00;7,0%
SOFANUVEM-CINZA;MLB7535250446;Sofa Namoradeira Facilita Brasil Nuvem Confort 145cm Cinza;paused;791.37;20000;550,00;7,0%
SOFANUVEM-BEGE;MLB7535284304;Sofa Namoradeira Facilita Brasil Nuvem Confort 145cm Bege;paused;774.65;10000;550,00;7,0%
SOFACAMA-CINZA;MLB7540286068;Sofá Cama Casal 3 Lugares 1,84m Reclinável Pés Madeira Sala Cinza;closed;5000.0;15000;;
SOFACAMA-AZUL;MLB7540308300;Sofá Cama Casal 3 Lugares 1,84m Reclinável Pés Madeira Sala Azul-marinho;closed;5000.0;15000;;
POLTMONA_LINHO_AZULPETROLEO;MLB7559926292;Poltrona Corino Decorativa Cadeira Moderna Madeira Sala Cor Azul-petróleo Linho Desenho Do Tecido Liso;active;799.0;10000;;
SFYARA180_VELUDOPRETO;MLB7560420616;Sofa Cama Capitonet Sala Tv Tecido Suede Madeira Eucalipto Preto;active;1799.0;10000;762,00;7,0%
POLTRONABENY-GRAFITE;MLB7560889242;Poltrona Beny Pés E Base Em Madeira Linho Facilita Brasil Grafite Linho;paused;799.99;1000;350,00;7,0%
POLTRONABENY-CINZA;MLB7560889244;Poltrona Beny Pés E Base Em Madeira Linho Facilita Brasil Cinza Linho;paused;799.99;1000;350,00;7,0%
POLTRONABENY-PRETO;MLB7560889246;Poltrona Beny Pés E Base Em Madeira Linho Facilita Brasil Preto Linho;paused;799.99;1000;350,00;7,0%
POLTRONABENY-CORINOPRETO;MLB7560889248;Poltrona Beny Pés E Base Em Madeira Linho Facilita Brasil Corino Preto Linho;paused;799.99;1000;374,50;7,0%
SFMOBLY180_VELUDOCINZA;MLB7569330076;Sofá Cama Retrátil Reclinável Sala Espera Tv Moderno Macio Cinza;active;1526.99;9998;;
SOFAMILAO-PRETO180;MLB7569455660;Puff Sofa-1,80 Elegante Corino  Sofisticado Caramelo Luxo Preto;paused;1590.0;1000;700,00;7,0%
SOFAMILAO-PRETO180;MLB7569472398;Sofá Beny 180cm Estofado Confortável Madeira Forte Sala C/ Almofada De Brinde Estar Moderno Hall Corino Preto Liso;under_review;1500.0;999;700,00;7,0%
SFYARA140_VELUDOBEGE;MLB7572218054;Facilita Brasil Premium Estofado Conforto Sala Sofá 1 Bege Capitonê;paused;1000.0;1700;650,00;7,0%
SFYARA140_VELUDOCINZA;MLB7572218056;Facilita Brasil Premium Estofado Conforto Sala Sofá 1 Grafite Capitonê;paused;1000.0;2000;650,00;7,0%
SFYARA140_VELUDOMARROM;MLB7572218058;Sofá Cama Reclinável Yara Suede Capitonê Sala Tv Hall Entrada Restaurante Apartamento Recepção Decorativo Moderno Leve Marrom 140cm;paused;1000.0;1500;650,00;7,0%
ESCME4153VERM;MLB7573915348;Escrivaninha Gamer Maxi Do Brasil Preta E Vermelha Para Pc E Monitor Preto/vermelho;active;467.6;54;192,00;7,0%
KIT2POLTMONA_LINHOCINZA;MLB7573952454;Conjunto 2 Poltronas Decorativa Mona Luxo Pés Em Madeira Maciça Cor Linho Cinza Direto Da Fabrica Facilita Brasil Liso;active;1260.69;10000;680,00;7,0%
KIT2POLTMONA_LINHOBEGE;MLB7573969606;Conjunto Com 2 Poltronas Bella Design Poltrona Mona Cor Bege Linho;active;1430.0;9999;680,00;7,0%
SFYARA140_VELUDOCINZA;MLB7574016014;Sofá Cama Reclinável Yara Suede Capitonê Sala Tv Hall Entrada Restaurante Apartamento Recepção Decorativo Moderno Leve Grafite 140cm;active;1336.99;9999;650,00;7,0%
POLTBENY_LINHOCINZA;MLB7574032590;Poltrona Benny Pés Base Madeira Linho Cotton Para Sala Cinza;active;891.99;9998;350,00;7,0%
POLTMONA_LINHO_AZULPETROLEO;MLB7574051766;Poltrona Corino Decorativa Cadeira Moderna Madeira Sala Cor Azul-petróleo Linho Desenho Do Tecido Liso;active;799.0;10000;;
POLTMANU_LINHO_CINZA;MLB7574060246;Poltrona Nuvem Confort Sala Leve Barbearia Restaurante Leve Cinza Liso;active;979.02;9997;;
POLTMONA_LINHOBEGE;MLB7574066310;Poltrona Decorativa Luxo Mona Madeira Maciça Cores Cor Linho Bege;active;932.99;9974;340,00;7,0%
POLTMONA_CORINOCARAMELO;MLB7574070138;Poltrona Decorativa Mona Luxo Madeira Maciça Desenho Do Tecido Caramelo Direto Da Fabrica Facilit Brasil Variadas Liso;active;921.9;9942;340,00;7,0%
SFBENY140_LINHOBEGE;MLB7574074344;Sofá Beny De 2 Lugares Para Sala, 140cm, Em Linho Bege Com Pés De Madeira Da Facilita Brasil;active;1519.99;9986;580,00;7,0%
SFBENY140_LINHOAZUL;MLB7574140508;Sofá Estofado Moderno Para Sala Confortável Com Estrutura E Pés De Madeira Azul Linho Premium Liso;active;1319.9;9998;580,00;7,0%
SFBENY140_LINHO_VERDE;MLB7574142498;Sofá Beny Linho Verde 140cm Recepção Decorativo Moderno Leve Verde Liso;active;1288.99;9998;580,00;7,0%
SFMOBLY180_AZUL;MLB7574143592;Sofá Cama Futon Barbearia Recepção Decorativo Moderno Leve Sala Tv Espera Hall Restaurante 180cm Azul Capitonê;active;1644.99;9999;;
SFMOBLY180_VELUDOBEGE;MLB7574144860;Sofá Cama Bege Suede Reclinável Estofado Sala Leve Madeira Bege Liso;active;1485.12;9992;;
SFMOBLY180_MARROM;MLB7574145784;Sofá-cama Facilita Brasil 1 80 Marrom Confort Divino Retrátil Moderno Confortável Direto Da Fabrica Design Luxo Liso;active;1640.0;9977;;
SFMILAO180_CORINOCARAMELO;MLB7574148716;Sofa Sala De Luxo Namoradeira Moderna Barbearia Couro Leve Caramelo Corino;active;1520.0;9987;700,00;7,0%
SFYARA140_VELUDOMARROM;MLB7574153008;Sofá Cama Reclinável Yara Suede Capitonê Sala Tv Hall Entrada Restaurante Apartamento Recepção Decorativo Moderno Leve Marrom 140cm;active;1336.99;9998;650,00;7,0%
SFYARA140_VELUDO_CINZA;MLB7574181580;Sofá Yara Suede Cinza Sala Recepção Decorativo Moderno Leve Cinza Capitonê;under_review;1336.99;9999;650,00;7,0%
SFYARA140_VELUDO_CINZA;MLB7574182714;Sofá Yara Suede Cinza Sala Recepção Decorativo Moderno Leve Cinza Capitonê;active;1336.99;9999;650,00;7,0%
SOFAYARAFORNEC-CINZA140;MLB7574182716;Sofá Cama Reclinável Yara Suede Capitonê Sala Tv Hall Entrada Restaurante Apartamento Recepção Decorativo Moderno Leve Grafite 140cm;under_review;1336.99;9999;650,00;7,0%
SFMILAO140_CORINO_PRETO;MLB7574192874;Gf8 Ecommerce - Sofá Decorativo Estofado Courino Com Almofadas Barato Pequeno Para Sala De Recepção Clinica Preto Liso;active;1360.0;9997;500,00;7,0%
SFYARA140_VELUDO_MARROM;MLB7574196068;Sofá Yara Suede Marrom Sala Recepção Decorativo Moderno Leve Marrom Capitonê;active;1336.99;9998;650,00;7,0%
KIT2PUFFGRECIA_LINHOBEGE;MLB7575179386;Puff Redondo Grande Estofado 74cm Para Sala Decorativo Com Estrutura De Madeira Confortável Bege;active;1460.0;9997;680,00;7,0%
SFMOBLY180_VERDE;MLB7575753758;Sofá Cama Casal Queen Reclinável Bicama Estofado Leve Verde Verde Liso;active;1660.0;9975;;
POLTEROS_CORINOBEGE;MLB7575758162;Poltrona Papai Reclinável Sala Bege Conforto Máximo Leve Bege Liso;active;1120.0;9998;480,00;7,0%
POLTGRECIA_LINHO_BEGE;MLB7575760130;Puff Grecia Bege Conforto Hall Leve Compacto Elegante Bege;active;980.0;9999;340,00;7,0%
PUFFGRECIA_PRETO;MLB7575761528;Puff Estilo Poltrona Orgânica Grécia Estilo Sala Espera Tv Preto;active;799.0;10000;340,00;7,0%
POLTGRECIA_LINHOCAPUCCINO;MLB7575762246;Puff Grécia Estilo Poltrona Confortável Sala Tv Espera Leve Cappuccino;active;860.9;10000;340,00;7,0%
KIT2PUFFGRECIA_LINHOBEGE;MLB7575763564;Puf Kit-organico Estilo-poltrona Sofisticado Decorativo Luxo Bege;under_review;1460.0;9997;680,00;7,0%
KIT2PUFFGRECIA_LINHOBEGE;MLB7575845930;Puf Kit-organico Estilo-poltrona Sofisticado Decorativo Luxo Bege;active;1460.0;9997;680,00;7,0%
KIT2PUFFGRECIA-BEGE;MLB7575845936;Puff Redondo Grande Estofado 74cm Para Sala Decorativo Com Estrutura De Madeira Confortável Bege;under_review;1460.0;9997;680,00;7,0%
SFYARA140_VELUDOBEGE;MLB7579697416;Sofá Yara Suede Bege Sala Recepção Decorativo Moderno Leve Bege Capitonê;active;1336.99;9999;650,00;7,0%
SFYARA140_VELUDOBEGE;MLB7585943840;Sofá Cama Reclinável Yara Suede Capitonê Sala Tv Hall Entrada Restaurante Apartamento Recepção Decorativo Moderno Leve Bege 140cm;active;1336.99;9999;650,00;7,0%
