sku;custo;imposto;observacao
POLTRONAEROS-CAFÉ;480,00;7%;custo facilitaa.xlsx — Poltrona Papai Eros
POLTRONAEROS-CARAMELO;480,00;7%;custo facilitaa.xlsx — Poltrona Papai Eros
KIT2POLTRONASMONA-CINZA;680,00;7%;custo facilitaa.xlsx — Kit Mona
KIT2POLTRONASMONACINZA;680,00;7%;custo facilitaa.xlsx — Kit Mona
KIT2POLTRONASMONA-BEGE;680,00;7%;custo facilitaa.xlsx — Kit Mona
KIT2POLTRONASMONABEGE;680,00;7%;custo facilitaa.xlsx — Kit Mona
POLTRONAMONA-AZULPETROLEO;340,00;7%;custo facilitaa.xlsx — Poltrona Mona
POLTRONAMONAAZULPETROLEO;340,00;7%;custo facilitaa.xlsx — Poltrona Mona
poltrona mona azul petroleo;340,00;7%;custo facilitaa.xlsx — Poltrona Mona
POLTRONAMONACORINO-CARAMELO;340,00;7%;custo facilitaa.xlsx — Poltrona Mona
POLTRONAMONACORINOCARAMELO;340,00;7%;custo facilitaa.xlsx — Poltrona Mona
POLTRONAMONACORINO-PRETO;340,00;7%;custo facilitaa.xlsx — Poltrona Mona
POLTRONAMONACORINOPRETO;340,00;7%;custo facilitaa.xlsx — Poltrona Mona
POLTRONAMONA-CINZA;340,00;7%;custo facilitaa.xlsx — Poltrona Mona
POLTRONAMONACINZA;340,00;7%;custo facilitaa.xlsx — Poltrona Mona
POLTRONAMONAAZUL;340,00;7%;custo facilitaa.xlsx — Poltrona Mona
SOFAMILAO-CARAMELO140;500,00;7%;custo facilitaa.xlsx — Sofá milao 1,40
SOFAMILAOCARAMELO140;500,00;7%;custo facilitaa.xlsx — Sofá milao 1,40
KIT2CADEIRASMONA-BEGE;680,00;7%;custo facilitaa.xlsx — Kit Mona
PUFFGRECIA-GRAFITE;340,00;7%;custo facilitaa.xlsx — Puff Poltrona Elegance/Grécia
puff grecia Grafite;340,00;7%;custo facilitaa.xlsx — Puff Poltrona Elegance/Grécia
PUFFGRECIA-CAPUCCINO;340,00;7%;custo facilitaa.xlsx — Puff Poltrona Elegance/Grécia
PUFFGRECIA-OFFWHITE;340,00;7%;custo facilitaa.xlsx — Puff Poltrona Elegance/Grécia
SOFAMILAO-CARAMELO180;700,00;7%;custo facilitaa.xlsx — Sofá milao 1,80
SOFAMILAOCARAMELO180;700,00;7%;custo facilitaa.xlsx — Sofá milao 1,80
KIT2CADEIRAMONA-CINZA;680,00;7%;custo facilitaa.xlsx — Kit Mona
KIT2CADEIRAMONACINZA;680,00;7%;custo facilitaa.xlsx — Kit Mona
SOFACAMA-BEGE180;762,00;7%;custo facilitaa.xlsx — Sofá Cama 1,80 (Yara Pé Ferro)
SOFACAMABEGE180;762,00;7%;custo facilitaa.xlsx — Sofá Cama 1,80 (Yara Pé Ferro)
SOFABENY-GRAFITE180;610,00;7%;custo facilitaa.xlsx — Sofá benny 1,80
SOFABENY180_GRAFITE;610,00;7%;custo facilitaa.xlsx — Sofá benny 1,80
SOFABENYGRAFITE180;610,00;7%;custo facilitaa.xlsx — Sofá benny 1,80
SOFABENY-BEGE180;610,00;7%;custo facilitaa.xlsx — Sofá benny 1,80
SOFABENYBEGE180;610,00;7%;custo facilitaa.xlsx — Sofá benny 1,80
POLTRONABENY-PRETO;350,00;7%;custo facilitaa.xlsx — Poltrona Benny
POLTRONABENYPRETO;350,00;7%;custo facilitaa.xlsx — Poltrona Benny
SOFAMILAO-PRETO140;500,00;7%;custo facilitaa.xlsx — Sofá milao 1,40
SOFAMILAOPRETO140;500,00;7%;custo facilitaa.xlsx — Sofá milao 1,40
SOFACAMA-MARROM180;762,00;7%;custo facilitaa.xlsx — Sofá Cama 1,80 (Yara Pé Ferro)
SOFACAMAMARROM180;762,00;7%;custo facilitaa.xlsx — Sofá Cama 1,80 (Yara Pé Ferro)
PUFFELEGANCE-OFFWHITECARAMELO;340,00;7%;custo facilitaa.xlsx — Puff Poltrona Elegance/Grécia
PUFFELEGANCEO-FFWHITECARAMELO;340,00;7%;custo facilitaa.xlsx — Puff Poltrona Elegance/Grécia
PUFFELEGANCEOFFWHITECARAMELO;340,00;7%;custo facilitaa.xlsx — Puff Poltrona Elegance/Grécia
POLTRONAMONA-BEGE;340,00;7%;custo facilitaa.xlsx — Poltrona Mona
POLTRONAMONABEGE;340,00;7%;custo facilitaa.xlsx — Poltrona Mona
PUFFPOLTRONAELEGANCE-OFF/CARAMELO;340,00;7%;custo facilitaa.xlsx — Puff Poltrona Elegance/Grécia
PUFFPOLTRONAELEGANCEOFF/CARAMELO;340,00;7%;custo facilitaa.xlsx — Puff Poltrona Elegance/Grécia
SOFACAMA-CINZA180;762,00;7%;custo facilitaa.xlsx — Sofá Cama 1,80 (Yara Pé Ferro)
SOFACAMACINZA180;762,00;7%;custo facilitaa.xlsx — Sofá Cama 1,80 (Yara Pé Ferro)
SOFACAMA-PRETO180;762,00;7%;custo facilitaa.xlsx — Sofá Cama 1,80 (Yara Pé Ferro)
SOFÁCAMAPRETO180;762,00;7%;custo facilitaa.xlsx — Sofá Cama 1,80 (Yara Pé Ferro)
PUFFPOLTRONAELEGANCE-CINZA/PRETO;340,00;7%;custo facilitaa.xlsx — Puff Poltrona Elegance/Grécia
PUFFPOLTRONAELEGANCECINZA/PRETO;340,00;7%;custo facilitaa.xlsx — Puff Poltrona Elegance/Grécia
KIT4CADEIRASSUITS-PRETA;508,00;7%;custo facilitaa.xlsx — Cadeira Suits x4
KIT4CADEIRASSUITSPRETA;508,00;7%;custo facilitaa.xlsx — Cadeira Suits x4
KIT4POLTRONASSUITS-PRETA;516,00;7%;custo facilitaa.xlsx — Poltrona Suits x4
KIT4POLTRONASSUITSPRETA;516,00;7%;custo facilitaa.xlsx — Poltrona Suits x4
KIT4CADEIRASSUITS-FENDI;508,00;7%;custo facilitaa.xlsx — Cadeira Suits x4
KIT4CADEIRASSUITSFENDI;508,00;7%;custo facilitaa.xlsx — Cadeira Suits x4
PUFFELEGANCE-CINZAPRETO;340,00;7%;custo facilitaa.xlsx — Puff Poltrona Elegance/Grécia
PUFFELEGANCECINZAPRETO;340,00;7%;custo facilitaa.xlsx — Puff Poltrona Elegance/Grécia
KIT2POLTRONASMONACORINO-CARAMELO;680,00;7%;custo facilitaa.xlsx — Kit Mona
KIT2POLTRONASMONACORINOCARAMELO;680,00;7%;custo facilitaa.xlsx — Kit Mona
POLTRONANUVEMCONFORT-BEGE;350,00;7%;custo facilitaa.xlsx — Poltrona Nuvem Manu Confort
POLTRONANUVEMCONFORTBEGE;350,00;7%;custo facilitaa.xlsx — Poltrona Nuvem Manu Confort
POLTRONANUVEMCONFORT-CINZA;350,00;7%;custo facilitaa.xlsx — Poltrona Nuvem Manu Confort
POLTRONANUVEMCONFORTCINZA;350,00;7%;custo facilitaa.xlsx — Poltrona Nuvem Manu Confort
POLTRONABENY-GRAFITE;350,00;7%;custo facilitaa.xlsx — Poltrona Benny
POLTRONABENYGRAFITE;350,00;7%;custo facilitaa.xlsx — Poltrona Benny
SOFANUVEM-CINZA;550,00;7%;custo facilitaa.xlsx — Sofá Nuvem Manu Confort
SOFANUVEMCINZA;550,00;7%;custo facilitaa.xlsx — Sofá Nuvem Manu Confort
POLTRONABENY-CINZA;350,00;7%;custo facilitaa.xlsx — Poltrona Benny
POLTRONABENYCINZA;350,00;7%;custo facilitaa.xlsx — Poltrona Benny
SOFANUVEM-BEGE;550,00;7%;custo facilitaa.xlsx — Sofá Nuvem Manu Confort
SOFANUVEMBEGE;550,00;7%;custo facilitaa.xlsx — Sofá Nuvem Manu Confort
POLTRONABENY-BEGE;350,00;7%;custo facilitaa.xlsx — Poltrona Benny
POLTRONABENYBEGE;350,00;7%;custo facilitaa.xlsx — Poltrona Benny
PoltronaBeny/Bege;350,00;7%;custo facilitaa.xlsx — Poltrona Benny
SOFACAMA-AZULMARINHO180;762,00;7%;custo facilitaa.xlsx — Sofá Cama 1,80 (Yara Pé Ferro)
SOFACAMAAZULMARINHO180;762,00;7%;custo facilitaa.xlsx — Sofá Cama 1,80 (Yara Pé Ferro)
SOFACAMA-AZULTURQUESA180;762,00;7%;custo facilitaa.xlsx — Sofá Cama 1,80 (Yara Pé Ferro)
SOFACAMA-AMARELO180;762,00;7%;custo facilitaa.xlsx — Sofá Cama 1,80 (Yara Pé Ferro)
SOFACAMAAMARELO180;762,00;7%;custo facilitaa.xlsx — Sofá Cama 1,80 (Yara Pé Ferro)
KIT4POLTRONASSUITSPRETO;516,00;7%;custo facilitaa.xlsx — Poltrona Suits x4
KIT2PUFFGRECIA-BEGE;680,00;7%;custo facilitaa.xlsx — Puff Poltrona Elegance/Grécia x2
SOFABENY-GRAFITE140;580,00;7%;custo facilitaa.xlsx — Sofá benny 1,40
SOFABENYGRAFITE140;580,00;7%;custo facilitaa.xlsx — Sofá benny 1,40
SOFABENY-BEGE140;580,00;7%;custo facilitaa.xlsx — Sofá benny 1,40
SOFABENYBEGE140;580,00;7%;custo facilitaa.xlsx — Sofá benny 1,40
SOFACAMA-AZUL180;762,00;7%;custo facilitaa.xlsx — Sofá Cama 1,80 (Yara Pé Ferro)
SOFACAMAAZUL180;762,00;7%;custo facilitaa.xlsx — Sofá Cama 1,80 (Yara Pé Ferro)
SOFABENY-CINZA180;610,00;7%;custo facilitaa.xlsx — Sofá benny 1,80
SOFABENY180_CINZA;610,00;7%;custo facilitaa.xlsx — Sofá benny 1,80
SOFABENYCINZA180;610,00;7%;custo facilitaa.xlsx — Sofá benny 1,80
PUFFGRECIA-CINZA;340,00;7%;custo facilitaa.xlsx — Puff Poltrona Elegance/Grécia
SOFACAMAAZULTURQUESA;762,00;7%;
SOFABENY_CINZA;610,00;7%;
Monalisa Cinza;660,00;7%;SKU solto — não dá para saber que produto é
Monalisa Bege;660,00;7%;SKU solto — não dá para saber que produto é
puf-preto-corino;450,00;7%;SKU solto — não dá para saber que produto é
puf;450,00;7%;SKU solto — não dá para saber que produto é
puff;490,00;7%;SKU solto — não dá para saber que produto é
caramelo;330,00;7%;SKU solto — não dá para saber que produto é
kit mona caramelo;680,00;7%;custo facilitaa.xlsx — Kit Mona
corino preto;330,00;7%;SKU solto — não dá para saber que produto é
mona cinza veludo;330,00;7%;SKU solto — não dá para saber que produto é
puff caramelo;450,00;7%;SKU solto — não dá para saber que produto é
puff grafite sofa-beny-180;550,00;7%;SKU solto — não dá para saber que produto é
caramelo 180;550,00;7%;SKU solto — não dá para saber que produto é
kit-grecia-organico;680,00;7%;custo facilitaa.xlsx — Puff Poltrona Elegance/Grécia x2
mona bege-kit;680,00;7%;custo facilitaa.xlsx — Kit Mona
puff sofabeny-140grafite;490,00;7%;SKU solto — não dá para saber que produto é
puff sofabeny-140-bege;490,00;7%;SKU solto — não dá para saber que produto é
Puff Beny-bege-90;350,00;7%;SKU solto — não dá para saber que produto é
mona 2un;680,00;7%;custo facilitaa.xlsx — Kit Mona
grafite140;490,00;7%;SKU solto — não dá para saber que produto é
beny linho preto;350,00;7%;SKU solto — não dá para saber que produto é
beny 60cm cinza;350,00;7%;SKU solto — não dá para saber que produto é
puff s0fa-camm cinza;750,00;7%;SKU solto — não dá para saber que produto é
bege;330,00;7%;SKU solto — não dá para saber que produto é
mona;0,00;0%;SKU solto — não dá para saber que produto é
KIT4CADEIRASSUITSNUDE;508,00;7%;custo facilitaa.xlsx — Cadeira Suits x4
KIT2POLTRONASSUITSPRETA;258,00;7%;custo facilitaa.xlsx — Poltrona Suits x2
KIT4POLTRONASSUITS;516,00;7%;custo facilitaa.xlsx — Poltrona Suits x4
POLTBENYCINZA;350,00;7%;custo facilitaa.xlsx — Poltrona Benny
SOFABENYCINZA140;580,00;7%;custo facilitaa.xlsx — Sofá benny 1,40
SOFABENYCARAMELO140;580,00;7%;custo facilitaa.xlsx — Sofá benny 1,40
KIT2CADEIRASMONA;680,00;7%;custo facilitaa.xlsx — Kit Mona
puff grecia Cappuccino;340,00;7%;custo facilitaa.xlsx — Puff Poltrona Elegance/Grécia
POLTRONAMONA;340,00;7%;custo facilitaa.xlsx — Poltrona Mona
SOFAYARA_AZUL;762,00;9%;custo facilitaa.xlsx — Sofá Cama 1,80 (Yara Pé Ferro)
SOFAYARA_MARROM;762,00;9%;custo facilitaa.xlsx — Sofá Cama 1,80 (Yara Pé Ferro)
SOFAYARABEGE;762,00;9%;custo facilitaa.xlsx — Sofá Cama 1,80 (Yara Pé Ferro)
SOFAYARA_BEGE;762,00;9%;custo facilitaa.xlsx — Sofá Cama 1,80 (Yara Pé Ferro)
SOFAYARA_CINZA;762,00;9%;custo facilitaa.xlsx — Sofá Cama 1,80 (Yara Pé Ferro)
POLTBENYCORINO_PRETO;374,50;7%;custo facilitaa.xlsx — Poltrona Benny Corino
POLTBENYLINHO_BEGE;350,00;7%;custo facilitaa.xlsx — Poltrona Benny
SOFAYARA_PRETO;762,00;9%;custo facilitaa.xlsx — Sofá Cama 1,80 (Yara Pé Ferro)
POLTBENYLINHO_GRAFITE;350,00;7%;custo facilitaa.xlsx — Poltrona Benny
POLTBENYLINHO_CINZA;350,00;7%;custo facilitaa.xlsx — Poltrona Benny
SOFAYARA_TERRACOTA;762,00;9%;custo facilitaa.xlsx — Sofá Cama 1,80 (Yara Pé Ferro)
KIT2POLTRONAMONA-BEGE;680,00;7%;custo facilitaa.xlsx — Kit Mona
KIT2POLTRONASMONA-GRAFITE;680,00;7%;custo facilitaa.xlsx — Kit Mona
POLTRONABENY-CORINOPRETO;374,50;7%;custo facilitaa.xlsx — Poltrona Benny Corino
POLTRONAEROS-OFFWHITE;480,00;7%;custo facilitaa.xlsx — Poltrona Papai Eros
POLTRONAEROS-PRETO;480,00;7%;custo facilitaa.xlsx — Poltrona Papai Eros
POLTRONAMONA-CORINOMARROM;340,00;7%;custo facilitaa.xlsx — Poltrona Mona
POLTRONAMONA-GRAFITE;340,00;7%;custo facilitaa.xlsx — Poltrona Mona
POLTRONAMONA-PRETO;340,00;7%;custo facilitaa.xlsx — Poltrona Mona
POLTRONAMONA-VELUDOAZUL;340,00;7%;custo facilitaa.xlsx — Poltrona Mona
PUFFELEGANCE-OFF/CARAMELO;340,00;7%;custo facilitaa.xlsx — Puff Poltrona Elegance/Grécia
PUFFGRECIA-BEGE;340,00;7%;custo facilitaa.xlsx — Puff Poltrona Elegance/Grécia
PUFFGRECIA-PRETO;340,00;7%;custo facilitaa.xlsx — Puff Poltrona Elegance/Grécia
SOFABENY-LINHOAZUL140;580,00;7%;custo facilitaa.xlsx — Sofá benny 1,40
SOFACAMA-TERRACOTA180;762,00;7%;custo facilitaa.xlsx — Sofá Cama 1,80 (Yara Pé Ferro)
SOFACAMA-VERDE180;762,00;7%;custo facilitaa.xlsx — Sofá Cama 1,80 (Yara Pé Ferro)
SOFAYARA-AZUL180;765,0;9%;PRECIFICACAO-18-NOVOS
SOFAYARA-BEGE180;765,0;9%;PRECIFICACAO-18-NOVOS
SOFAYARA-CINZA180;765,0;9%;PRECIFICACAO-18-NOVOS
SOFAYARA-MARROM180;765,1;9%;PRECIFICACAO-18-NOVOS
SOFAYARA-PRETO180;765,0;9%;PRECIFICACAO-18-NOVOS
SOFAYARA-TERRACOTA180;765,0;9%;PRECIFICACAO-18-NOVOS
SOFAMILAO-PRETO180;600,0;7%;PRECIFICACAO-18-NOVOS
SOFACAMA-VERMELHO180;762,0;7%;PRECIFICACAO-18-NOVOS
POLTRONAEROS-PRETA;480,0;7%;PRECIFICACAO-18-NOVOS
POLTRONAMONA-LINHOBEGE;330,0;7%;PRECIFICACAO-18-NOVOS
POLTRONAMONA-LINHOPRETO;330,0;7%;PRECIFICACAO-18-NOVOS
POLTNEWMONA;340,0;7%;PRECIFICACAO-18-NOVOS
POLTRONAEROS-CAFE;480,0;7%;MEDIDAS-E-EMBALAGEM
ESCME4153VERM;192,0;7%;PRECIFICACAO-FACILITA frete=106.85
ESCME4153AZUL;192,0;7%;PRECIFICACAO-FACILITA frete=106.85
POLTRONAEROS-BEGE;480,0;7%;PRECIFICACAO-FACILITA frete=40.85
PUFFGRECIA-CAPPUCCINO2;340,0;7%;PRECIFICACAO-FACILITA frete=76.13
PUFFGRECIA-CRU;340,0;7%;PRECIFICACAO-FACILITA frete=76.13
PUFFGRECIA-BEGE2;340,0;7%;PRECIFICACAO-FACILITA frete=67.88
SOFABENY-LINHOVERDE140;580,0;7%;PRECIFICACAO-FACILITA frete=65.85
SOFABENY-CORINOPRETO140;670,0;7%;PRECIFICACAO-FACILITA frete=70.95
SOFABENY-LINHOAZUL180;610,0;7%;PRECIFICACAO-FACILITA frete=65.85
SOFABENY-CORINOPRETO180;700,0;7%;PRECIFICACAO-FACILITA frete=91.95
SOFAYARAFORNEC-MARROM140;650,0;9%;PRECIFICACAO-FACILITA frete=65.85
SOFAYARAFORNEC-CINZA140;650,0;9%;PRECIFICACAO-FACILITA frete=65.85
SOFAYARAFORNEC-BEGE140;650,0;9%;PRECIFICACAO-FACILITA frete=40.85
POLTRONAEROS-BRANCO;480,00;7%;padrão da família Eros (café/caramelo/offwhite/preto já = 480) — planilha 03/09/2026
POLTRONAEROS-MARROM;480,00;7%;padrão da família Eros (café/caramelo/offwhite/preto já = 480) — planilha 03/09/2026
SOFAYARAFORNEC-GRAFITE140;650,0;9%;padrão da família (marrom/cinza/bege140 já = 650) — planilha 03/09/2026 confirma R$650
SOFABENY-LINHOVERDE180;610,0;7%;padrão linho 180 (grafite/bege/cinza/azul já = 610) — planilha 03/09/2026 confirma R$610
SOFAMILAO-PRETO;600,0;7%;alias sem sufixo — mesmo custo de SOFAMILAO-PRETO180 (MLB5179014567/MLB7580389186 são 180cm)
SOFACAMA-AZULMARINHO;747,00;7%;Sofá Cama Decoralli Mobily 184cm — confirmado pelo Neto 03/09/2026
SOFACAMA-VERDE;747,00;7%;Sofá Cama Decoralli Mobily 184cm — confirmado pelo Neto 03/09/2026
SOFACAMA-PRETO;747,00;7%;Sofá Cama Decoralli Mobily 184cm — confirmado pelo Neto 03/09/2026
SOFACAMA-MARROM;747,00;7%;Sofá Cama Decoralli Mobily 184cm — confirmado pelo Neto 03/09/2026
SOFACAMA-TERRACOTA;747,00;7%;Sofá Cama Decoralli Mobily 184cm — confirmado pelo Neto 03/09/2026
SOFACAMA-CINZA;747,00;7%;Sofá Cama Decoralli Mobily 184cm — confirmado pelo Neto 03/09/2026
SOFACAMA-BEGE;747,00;7%;Sofá Cama Decoralli Mobily 184cm — confirmado pelo Neto 03/09/2026
POLTRONABENY-LINHOPRETO;350,00;7%;promovido da linha solta "beny linho preto" — Daniel confirmou que a Poltrona Beny Preto é linho de verdade; custo ainda não separado do genérico, revisar se vier valor próprio como o Corino (R$374,50) — 03/09/2026
POLTMONA_LINHOBEGE;340,00;7%;renomeado de POLTRONAMONA-BEGE (padrão SKU do Daniel) — 03/09/2026
POLTMONA_CORINOCARAMELO;340,00;7%;renomeado de POLTRONAMONACORINOCARAMELO (padrão SKU do Daniel) — 03/09/2026
POLTMONA_VELUDOAZUL;340,00;7%;renomeado de POLTRONAMONA-VELUDOAZUL (padrão SKU do Daniel) — 03/09/2026
POLTMONA_LINHOAZUL;340,00;7%;renomeado de POLTRONAMONA-VELUDOAZUL (padrão SKU do Daniel) — mesma origem que o veludo, revisar se linho tem custo próprio — 03/09/2026
POLTGRECIA_LINHOBEGE;340,00;7%;renomeado de PUFFGRECIA-BEGE (padrão SKU do Daniel) — 03/09/2026
POLTGRECIA_LINHOCAPUCCINO;340,00;7%;renomeado de PUFFGRECIA-CAPUCCINO (padrão SKU do Daniel) — 03/09/2026
POLTGRECIA_LINHOCINZA;340,00;7%;renomeado de PUFFGRECIA-CINZA (padrão SKU do Daniel) — 03/09/2026
PUFFELEGANCE_LINHO/CORINOCINZA;340,00;7%;renomeado de PUFFELEGANCE-CINZAPRETO (padrão SKU do Daniel) — 04/09/2026
PUFFELEGANCE_LINHO/CORINOOFFWHITE;340,00;7%;renomeado de PUFFELEGANCE-OFFWHITECARAMELO (padrão SKU do Daniel) — 04/09/2026
POLTBENY_LINHOPRETO;350,00;7%;renomeado de POLTRONABENY-LINHOPRETO (padrao SKU do Daniel) - 04/09/2026
POLTEROS_CORINOBEGE;480,00;7%;renomeado de POLTRONAEROS-OFFWHITE (padrao SKU do Daniel) - 04/09/2026
POLTEROS_CORINOCARAMELO;480,00;7%;renomeado de POLTRONAEROS-CARAMELO (padrao SKU do Daniel) - 04/09/2026
POLTEROS_CORINOPRETO;480,00;7%;renomeado de POLTRONAEROS-PRETA (padrao SKU do Daniel) - 04/09/2026
POLTMONA_CORINOPRETO;340,00;7%;renomeado de POLTRONAMONA-CORINOPRETO (padrao SKU do Daniel) - 04/09/2026
POLTMONA_LINHOCINZA;340,00;7%;renomeado de POLTRONAMONA-CINZA (padrao SKU do Daniel) - 04/09/2026
SFBENY140_CORINOPRETO;670,00;7%;renomeado de SOFABENY-CORINOPRETO140 (padrao SKU do Daniel) - 04/09/2026
SFBENY140_LINHOAZUL;580,00;7%;renomeado de SOFABENY-LINHOAZUL140 (padrao SKU do Daniel) - 04/09/2026
SFBENY140_LINHOBEGE;580,00;7%;renomeado de SOFABENY-BEGE140 (padrao SKU do Daniel) - 04/09/2026
SFBENY140_LINHOCINZA;580,00;7%;renomeado de SOFABENY-CINZA140 (padrao SKU do Daniel) - 04/09/2026
SFBENY140_LINHOVERDE;580,00;7%;renomeado de SOFABENY-LINHOVERDE140 (padrao SKU do Daniel) - 04/09/2026
SFBENY180_CORINOPRETO;700,00;7%;renomeado de SOFABENY-CORINOPRETO180 (padrao SKU do Daniel) - 04/09/2026
SFBENY180_LINHOBEGE;610,00;7%;renomeado de SOFABENY-BEGE180 (padrao SKU do Daniel) - 04/09/2026
SFBENY180_LINHOCINZA;610,00;7%;renomeado de SOFABENY-CINZA180 (padrao SKU do Daniel) - 04/09/2026
SFMILAO140_CORINOCARAMELO;500,00;7%;renomeado de SOFAMILAO-CARAMELO140 (padrao SKU do Daniel) - 04/09/2026
SFMILAO140_CORINOPRETO;500,00;7%;renomeado de SOFAMILAO-PRETO140 (padrao SKU do Daniel) - 04/09/2026
SFMILAO180_CORINOCARAMELO;700,00;7%;renomeado de SOFAMILAO-CARAMELO180 (padrao SKU do Daniel) - 04/09/2026
SFMILAO180_CORINOPRETO;600,00;7%;renomeado de SOFAMILAO-PRETO180 (padrao SKU do Daniel) - 04/09/2026
SFYARA140_VELUDOCINZA;650,00;9%;renomeado de SOFAYARAFORNEC-CINZA140 (padrao SKU do Daniel) - 04/09/2026
SFYARA140_VELUDOMARROM;650,00;9%;renomeado de SOFAYARAFORNEC-MARROM140 (padrao SKU do Daniel) - 04/09/2026
SFYARA180_VELUDOAZUL;765,00;9%;renomeado de SOFAYARA-AZUL180 (padrao SKU do Daniel) - 04/09/2026
SFYARA180_VELUDOBEGE;765,00;9%;renomeado de SOFAYARA-BEGE180 (padrao SKU do Daniel) - 04/09/2026
SFYARA180_VELUDOMARROM;765,10;9%;renomeado de SOFAYARA-MARROM180 (padrao SKU do Daniel) - 04/09/2026
SFYARA180_VELUDOPRETO;765,00;9%;renomeado de SOFAYARA-PRETO180 (padrao SKU do Daniel) - 04/09/2026
SFYARA180_VELUDOTERRACOTA;765,00;9%;renomeado de SOFAYARA-TERRACOTA180 (padrao SKU do Daniel) - 04/09/2026
KIT2POLTMONA_LINHOBEGE;680,00;7%;renomeado de KIT2CADEIRASMONA-BEGE (padrao SKU do Daniel) - 04/09/2026
POLTEROS_CORINOCAFE;480,00;7%;renomeado de POLTRONAEROS-CAFE (padrao SKU do Daniel) - 04/09/2026
SFYARA140_VELUDOBEGE;650,00;9%;renomeado de SOFAYARAFORNEC-BEGE140 (padrao SKU do Daniel) - 04/09/2026
POLTBENY_LINHOBEGE;350,00;7%;renomeado de POLTBENYLINHO_BEGE (padrao SKU do Daniel) - 06/09/2026
POLTBENY_LINHOGRAFITE;350,00;7%;renomeado de POLTBENYLINHO_GRAFITE (padrao SKU do Daniel) - 06/09/2026
KIT2POLTMONA_LINHOGRAFITE;680,00;7%;renomeado de KIT2POLTRONASMONA-GRAFITE (padrao SKU do Daniel) - 06/09/2026
KIT2POLTMONA_CORINOCARAMELO;680,00;7%;renomeado de KIT2POLTRONASMONACORINO-CARAMELO (padrao SKU do Daniel) - 06/09/2026
POLTMONA_LINHOAZULPETROLEO;340,00;7%;renomeado de POLTRONAMONA-AZULPETROLEO (padrao SKU do Daniel) - 06/09/2026
SFYARA180_CINZA;765,00;9%;renomeado de SOFAYARA-CINZA180 (padrao SKU do Daniel) - 06/09/2026
SFMOBLY180_VELUDOAZUL;747,00;7%;renomeado de SOFACAMA-AZUL180 (padrao SKU do Daniel) — custo Mobly confirmado (planilha "Sofá Cama 1,80 (Mobili)") - 06/09/2026
SFMOBLY180_VELUDOBEGE;747,00;7%;renomeado de SOFACAMA-BEGE180 (padrao SKU do Daniel) — custo Mobly confirmado (planilha "Sofá Cama 1,80 (Mobili)") - 06/09/2026
SFMOBLY180_VELUDOCINZA;747,00;7%;renomeado de SOFACAMA-CINZA180 (padrao SKU do Daniel) — custo Mobly confirmado (planilha "Sofá Cama 1,80 (Mobili)") - 06/09/2026
SFMOBLY180_VELUDOTERRACOTA;747,00;7%;renomeado de SOFACAMA-TERRACOTA180 (padrao SKU do Daniel) — custo Mobly confirmado (planilha "Sofá Cama 1,80 (Mobili)") - 06/09/2026
SFMOBLY180_VELUDOVERDE;747,00;7%;renomeado de SOFACAMA-VERDE180 (padrao SKU do Daniel) — custo Mobly confirmado (planilha "Sofá Cama 1,80 (Mobili)") - 06/09/2026
POLTMANU_LINHOCINZA;350,00;7%;renomeado de POLTMANU_CINZA (padrao SKU do Daniel, Nuvem Confort = Manu) - 06/09/2026
