mlb_origem;rota;titulo;preco;tipo;estoque_origem;categoria;catalog_product_id;family_name;variacoes;fotos;envio;frete_gratis;status_origem;tem_descricao
MLB5185898848;variacoes;Poltrona Cadeira Decorativa P/ Sala De Estar E Escritório;449.9;gold_special;29993;MLB1626;;;3;12;not_specified;0;paused;0
MLB3692525640;variacoes;Sofá Cama Canaã Veludo Premium Diversas Cores;902.9;gold_pro;600;MLB1626;;;6;36;custom;0;paused;1
MLB3703450072;variacoes;Bicama Sara Veludo;1100;gold_pro;696;MLB1626;;;7;35;custom;0;paused;1
MLB3411912285;variacoes;Sofa Cama Sara Reclinavel Casal 3 Lugares Com Tecido Veludo ;1077.84;gold_pro;691;MLB1626;;;7;35;custom;0;paused;1
MLB3372003993;tradicional;Sofa-cama Reclinável 3 Lugares Veludo Cor Bege Jb Estofados  Bege;1029.46;gold_pro;996;MLB1626;;Sofa-cama Reclinável 3 Lugares Veludo Cor Bege Jb Estofados ;0;5;custom;0;paused;1
MLB3342603479;variacoes;Sofá Cama Sara Reclinável Reforçado Base Madeira Cores Disp;1099.89;gold_pro;696;MLB1626;;;7;35;custom;0;paused;1
MLB3894433516;variacoes;Sofá Atos Retrátil E Reclinável Apartamento C/7 Cores Disp;1350;gold_pro;700;MLB1626;;;7;28;not_specified;1;paused;1
MLB3775333606;variacoes;Sofá Cama Sara Veludo Confortável 8 Cores Disp Jb Estofados;1059.79;gold_pro;800;MLB1626;;;8;40;custom;0;paused;1
MLB3775178570;tradicional;Sofá Cama Bicama Sara Cor Azul Veludo 3 Lugares Jb Estofados Azul-marinho;1679.29;gold_pro;100;MLB1626;;Sofá Cama Bicama Sara Cor Azul Veludo 3 Lugares Jb Estofados;0;5;custom;0;paused;1
MLB4999826182;catalogo;Banqueta Puff Premium Retangular Estilo Retrô Em Veludo Para Quarto Sala De Estar E Penteadeira Juguilo Envernizado Branco;246.5;gold_special;99781;MLB106882;MLB39339793;Banqueta Puff Premium Retangular Estilo Retrô Em Veludo Para Quarto Sala De Estar E Penteadeira Juguilo Envernizado Branco;0;3;me2;1;paused;1
MLB3427739553;variacoes;Sofá-cama Sara Apartamento No Tecido Veludo Com 8 Cores Disp;1065.87;gold_pro;7989;MLB1626;;;8;48;custom;0;paused;1
MLB5028152634;catalogo;Banqueta Puff Premium Retangular Estilo Retrô Em Veludo Para Quarto Sala De Estar E Penteadeira Juguilo Envernizado Branco;182.45;gold_pro;99781;MLB106882;MLB39339793;Banqueta Puff Premium Retangular Estilo Retrô Em Veludo Para Quarto Sala De Estar E Penteadeira Juguilo Envernizado Branco;0;3;me2;1;paused;1
MLB3775186030;tradicional;Bicama Sara Casal 3 Lugares Verde Tecido Veludo Jb Estofados Verde-musgo;1100;gold_pro;91;MLB1626;;Bicama Sara Casal 3 Lugares Verde Tecido Veludo Jb Estofados;0;5;custom;0;paused;1
MLB3784906646;tradicional;Sofa Cama Sara P/apartamento Casal 3 Lugares Preto No Veludo Preto;1077.85;gold_pro;993;MLB1626;;Sofa Cama Sara P/apartamento Casal 3 Lugares Preto No Veludo;0;5;custom;0;paused;1
MLB4999813746;catalogo;Banqueta Puff Premium Retangular Estilo Retrô Em Veludo Para Quarto Sala De Estar E Penteadeira Juguilo Envernizado Branco Envernizado Branco;189;gold_pro;10000;MLB106882;MLB39339793;Banqueta Puff Premium Retangular Estilo Retrô Em Veludo Para Quarto Sala De Estar E Penteadeira Juguilo Envernizado Branco;0;3;me2;1;under_review;1
MLB3897007364;variacoes;Bicama Sara 3 Lugares Apartamento Sala Veludo C/7 Cores Disp;1077;gold_pro;6991;MLB1626;;;7;35;custom;0;paused;1
MLB3817096817;catalogo;Banqueta Retangular Juguilo De Veludo Cinza Para Sala E Penteadeira Envernizado Cinza-escuro;202.74;gold_pro;9982;MLB106882;MLB39425960;Mini Banco Banqueta Puff Retangular Retrô Compacto Com Base E Pés Em Madeira Fixo Moderno Decorativo Para Quarto Sala De Estar E Penteadeira Led Camarim Juguilo Envernizado Cinza-escuro;0;3;me2;1;paused;1
MLB3817085535;catalogo;Banqueta Retangular Juguilo De Veludo Cinza Para Sala E Penteadeira Envernizado Cinza-escuro;189;gold_special;9982;MLB106882;MLB39425960;Mini Banco Banqueta Puff Retangular Retrô Compacto Com Base E Pés Em Madeira Fixo Moderno Decorativo Para Quarto Sala De Estar E Penteadeira Led Camarim Juguilo Envernizado Cinza-escuro;0;3;me2;1;under_review;1
MLB3337362707;variacoes;Sofá Cama Canaã Área Interna/externa Jardim Veludo Cores;899.9;gold_pro;595;MLB1626;;;6;36;custom;0;paused;1
MLB5262060704;tradicional;Poltrona Decorativa Mona Com Pés Madeira Maciça Em Linho Palha Linho Palha;816.5;gold_pro;99999;MLB186067;MLB32263866;Poltrona Decorativa Mona Com Pés Madeira Maciça Em Linho;0;5;me2;1;paused;1
MLB5157626516;variacoes;Sapateira Rack Para Sapatos Organizador Com 2 Prateleiras;459;gold_special;9965;MLB436427;;;3;9;me2;1;paused;1
MLB3817061619;catalogo;Banqueta Retangular Juguilo De Veludo Cinza Para Sala E Penteadeira Envernizado Cinza-escuro;259;gold_special;9982;MLB106882;MLB39425960;Mini Banco Banqueta Puff Retangular Retrô Compacto Com Base E Pés Em Madeira Fixo Moderno Decorativo Para Quarto Sala De Estar E Penteadeira Led Camarim Juguilo Envernizado Cinza-escuro;0;3;me2;1;paused;1
MLB4142980363;catalogo;Poltrona Corino Decorativa Cadeira Moderna Madeira Sala Cor Caramelo Corino Desenho Do Tecido Liso;849;gold_special;99994;MLB416807;MLB44319806;Poltrona Recepção Black Friday Poltrona Courino Premium Poltrona;0;5;me2;1;paused;1
MLB5735699096;catalogo;Conjunto 2 Poltronas Decorativa Mona Luxo Para Sala De Estar E Recepção Com Pés Em Madeira Maciça Cor Linho Cinza Escuro;1329;gold_special;0;MLB186067;MLB44997806;Juliflex Bella Design Moderna Mona Futon 2 1;0;8;me2;1;paused;1
MLB5345529074;tradicional;Pedra Branca De Jardim Bege 40 Cm;79.9;gold_special;1;MLB270584;;Pedra Branca De Jardim;0;5;me2;1;paused;1
MLB5461784412;tradicional;Poltrona Cadeira Decorativa Monalisa Para Sala De Estar Off-white Liso;762.85;gold_special;99987;MLB416807;;Poltrona Cadeira Decorativa Monalisa Para Sala De Estar;0;5;me2;1;paused;1
MLB3973174863;catalogo;Sapateira Banco Organizador Para Sapatos Multiuso Com 2 Prateleiras Cor Preto/cinza;509;gold_pro;99999;MLB186268;MLB43531047;Juliflex JB Estofados Estofado Hall Entrada;0;5;me2;1;paused;1
MLB5028152726;catalogo;Banqueta Retangular Juguilo De Veludo Cinza Para Sala E Penteadeira Envernizado Cinza-escuro;209;gold_special;0;MLB106882;MLB39425960;Juguilo Retangular;0;3;me2;1;paused;1
MLB5461629456;tradicional;Poltrona Decorativa Monalisa Luxo Para Quarto Sala De Estar Off-white Liso;848.75;gold_special;99996;MLB1626;;Poltrona Decorativa Monalisa Luxo Para Quarto Sala De Estar;0;5;me2;1;paused;1
MLB5320309096;catalogo;Poltrona Decorativa Do Papai Cadeira Estofada Ágar Com Encosto Macio Para Sala De Descanso E Escritório Tecido Bouclê Cor Terracota J&b;659;gold_special;99980;MLB186067;MLB42452459;J&B JB Estofados Cadeira Ágar Soft Poltrona;0;5;not_specified;0;paused;1
MLB4180085743;variacoes;Poltrona Cadeira Papai E Mamãe C/ Encosto Reclinável;849;gold_special;34944;MLB416807;MLB36264610;;3;17;not_specified;0;paused;1
MLB3986498927;variacoes;Poltrona De Amamentação Mamãe C/ Encosto Reclinável Descanso;869;gold_special;39966;MLB416807;;;4;29;me2;1;paused;1
MLB5646428858;variacoes;Poltrona Cadeira Papai E Mamãe C/ Encosto Reclinável;842.85;gold_special;59983;MLB1626;;;3;17;not_specified;0;paused;1
MLB4132140799;tradicional;Poltrona Decorativa Estofada Mona De Luxo Para Recepção Bege Liso;759;gold_special;99999;MLB186067;;Poltrona Decorativa Estofada Mona De Luxo Para Recepção;0;5;me2;1;paused;1
MLB4051746981;catalogo;Conjunto 2 Poltronas Decorativa Mona Luxo Para Sala De Estar E Recepção Com Pés Em Madeira Maciça Cor Linho Bege;90;gold_special;1;MLB1626;MLB44237480;American Wood Balaqui Decor Premium Mona Poltrona 2 1;0;2;me2;1;paused;0
MLB5258105930;tradicional;Poltrona Decorativa Mona Luxo C/ Pés Madeira Maciça Em Linho Palha Linho;756.5;gold_special;99999;MLB186067;;Poltrona Decorativa Mona Luxo C/ Pés Madeira Maciça Em Linho;0;5;not_specified;0;paused;1
MLB4096927537;variacoes;Poltrona Papai E Mamãe Reclinável P/ Amamentação E Descanso;719.1;gold_special;11578;MLB1626;;;5;26;me2;1;paused;1
MLB3973123043;catalogo;Sapateira Banco Organizador Para Sapatos Multiuso Com 2 Prateleiras Cor Preto/cinza;449;gold_special;99981;MLB186268;MLB43531047;Juliflex JB Estofados Estofado Hall Entrada;0;5;me2;1;paused;1
MLB3956136131;variacoes;Conjunto 2 Poltrona Decorativa Mona C/ Pés Em Madeira Maciça;1389;gold_pro;89987;MLB186067;;;3;15;me2;1;paused;1
MLB4250407217;catalogo;Poltrona Decorativa Mona Luxo Madeira Maciça Desenho Do Tecido Corino Caramelo Variadas;899;gold_special;99990;MLB186067;MLB23942651;Castellar Mobile Premium Mona Poltrona 1;0;5;me2;1;paused;1
MLB5761391776;catalogo;Kit 2 Poltronas Decorativa Mona Luxo Linho Base Madeira Cor Terracota Desenho Do Tecido Veludo;1329;gold_pro;99999;MLB1626;MLB44130233;American Wood Balaqui Decor Premium Mona Poltrona 2 1;0;1;me2;1;paused;1
MLB4218684307;catalogo;Conjunto Com 2 Poltronas Bella Design Poltrona Mona Cor Bege Linho;1329;gold_special;9989;MLB186067;MLB43770827;Bella Design Moderna Mona Futon;0;6;me2;1;paused;1
MLB5735570664;catalogo;Conjunto 2 Poltronas Mona Luxo Pés De Madeira Maciça Sofisticada Para Sala Quarto Recepção Gf8 Ecommerce Linho Cinza Linho;1329;gold_special;99998;MLB1626;MLB44197533;American Wood Balaqui Decor Premium Mona Poltrona 2 1;0;9;me2;1;paused;1
MLB5735631976;catalogo;Conjunto 2 Poltronas Decorativa Mona Luxo Para Sala De Estar E Recepção Com Pés Em Madeira Maciça Cor Linho Bege;1329;gold_special;3;MLB416807;MLB44237480;American Wood Balaqui Decor Premium Mona Poltrona 2 1;0;2;me2;1;paused;0
MLB5735682898;catalogo;Conjunto 2 Poltronas Decorativa Mona Luxo Para Sala De Estar E Recepção Com Pés Em Madeira Maciça Cor Linho Crú;1429;gold_special;99986;MLB186067;MLB44998620;Juliflex Bella Design Moderna Mona Futon;0;6;me2;1;paused;1
MLB5735538896;catalogo;Conjunto 2 Poltronas Mona Luxo Decorativa Para Recepção E Sala De Estar Com Pés Em Madeira Maciça Cor Veludo Preto;1459;gold_special;99990;MLB186067;MLB43829445;Bella Design Moderna Poltrona Mona, Decorativa Futon;0;3;me2;1;paused;1
MLB5811943086;catalogo;Cama Infantil Montessori Aurora Baby Com Colchão 150x70 Cm Para Menino E Menina Cor Azul Aurora Baby Premium;799;gold_special;99184;MLB3231;MLB53620943;Jelc Decor Cama Infantil Aurora Baby Infantil Berço;0;8;me2;1;paused;1
MLB3895367079;catalogo;2 Poltronas Decorativas Madeira Maciça Luxo Mona Linho Bege;1409;gold_pro;9979;MLB186067;MLB29561875;LV Moveis LV Premium Mona Poltrona;0;4;not_specified;0;paused;1
MLB5806615136;catalogo;Poltrona Decorativa Mona Luxo Madeira Maciça Desenho Do Tecido Corino Preto Variadas;999;gold_special;99999;MLB186067;MLB23855267;Castellar Mobile Premium Mona Poltrona 1;0;5;me2;1;paused;1
MLB4218709313;catalogo;Conjunto - 2 Poltronas Mona Luxo Madeira Maciça Castellar Cor Linho Bege Claro;1529;gold_special;2;MLB1626;MLB46452986;Castellar Mobile Premium Mona Poltrona;0;4;me2;1;paused;0
MLB5735642812;catalogo;Poltrona Decorativa Mona Luxo Madeira Maciça Desenho Do Tecido Corino Preto Variadas;999;gold_special;9998;MLB186067;MLB23855267;Castellar Mobile Premium Mona Poltrona 1;0;5;me2;1;paused;1
MLB5806603060;catalogo;Poltrona Decorativa Mona Luxo Madeira Maciça Desenho Do Tecido Corino Preto Variadas;999;gold_pro;99999;MLB186067;MLB23855267;Castellar Mobile Premium Mona Poltrona 1;0;5;me2;1;paused;1
MLB5761368190;catalogo;Poltrona Papai Luapa Grecia Marrom A108;1299;gold_special;99983;MLB1626;MLB21960488;Luapa Grécia Poltrona;0;4;me2;1;paused;0
MLB4068376793;variacoes;Poltrona Cadeira Glória Soft Reclinável P/ Sala De Estar;799;gold_special;88859;MLB416807;MLB54015637;;5;30;me2;1;paused;1
MLB5775688674;variacoes;Cama Montessoriana Aurora Baby Lateral Espuma Com Colchão;799;gold_special;89024;MLB455214;MLB60282433;;3;23;me2;1;paused;0
MLB5827253130;catalogo;Cama Montessoriana Aurora Baby Lateral Espuma Com Colchão Cor Rosa Liso;799;gold_special;29775;MLB455214;MLB60411306;;0;8;me2;1;paused;1
MLB5820012700;variacoes;Poltrona Cadeira Glória Soft Reclinável Para Sala De Estar;899;gold_special;49598;MLB186067;MLB66447622;;5;33;me2;1;paused;1
MLB5821146260;catalogo;Cama Montessoriana Aurora Baby Lateral Espuma Com Colchão Cor Bege Liso;799;gold_special;29559;MLB455214;MLB60325724;;0;6;me2;1;paused;1
MLB5775149338;variacoes;Poltrona Cadeira Soft Brasil Reclinável Para Sala De Estar;799;gold_special;29988;MLB458191;;;3;20;me2;1;paused;1
MLB4298404235;catalogo;Poltrona Reclinável Soft Graça De Couro Sintético Marrom Com Porta-copos Liso;1149.9;gold_special;9972;MLB416807;MLB53924923;Juliflex JB Estofados Premium Graça Soft Extensão De Cílios Poltrona 1;0;4;me2;1;active;1
MLB5855966856;catalogo;Jelc Decor Cama Infantil Aurora Baby Infantil Berço Bege Aurora Baby Premium;799;gold_special;9537;MLB3231;MLB53469456;Jelc Decor Cama Infantil Aurora Baby Infantil Berço;0;7;me2;1;paused;1
MLB5826829810;catalogo;Cama Infantil 100% Espumada Montessoriana Juvenil Para Quarto Aconchegante Sem Colchão Cor Azul Liso;794.9;gold_special;9934;MLB3231;MLB60239141;;0;7;me2;1;active;1
MLB5775573914;catalogo;Cama Infantil Montessori Aurora Baby Jelc Decor Rosa Com Colchão E Laterais De Proteção 150x70  Aurora Baby Premium;799;gold_special;9461;MLB3231;MLB53515051;Jelc Decor Cama Infantil Aurora Baby Infantil Berço;0;5;me2;1;paused;1
MLB5950204868;catalogo;Mini Cama Montessori Infantil De Espuma Para Quarto Com Proteção E Colchão Rosa Liso;799;gold_special;99938;MLB3231;MLB62319974;JB Estofados Cama Infantil Aurora Juvenil 100% Espuma Berço;0;6;me2;1;active;1
MLB5887330142;catalogo;Mini Cama Baby De Espuma Montessoriana Segurança E Conforto Cor Bege Moisés;399;gold_special;24949;MLB3231;MLB61558894;;0;5;me2;1;paused;1
MLB5775498758;variacoes;Cama Infantil Espuma Montessoriana Juvenil Quarto C/ Colchão;799;gold_pro;79635;MLB3231;MLB60239136;;3;20;me2;1;paused;1
MLB5827101288;catalogo;Cama Montessoriana Infantil Berço Aurora Azul Com Colchão Jelc Decor Liso;799;gold_special;29690;MLB455214;MLB60282434;;0;6;me2;1;paused;1
MLB4347058391;catalogo;Cama Infantil Espuma Montessoriana Juvenil Quarto C/ Colchão Cor Azul-escuro Liso;799;gold_special;9875;MLB3231;MLB60969924;Jelc Decor Mini cama Berço;0;6;me2;1;paused;1
MLB4275659597;variacoes;Camas Infantil Moisés Montessoriana Espuma Bebê Até 12 Meses;799;gold_special;44994;MLB455214;MLB63120427;;3;18;me2;1;paused;1
MLB6048231356;catalogo;Camas Infantil Moisés Montessoriana Espuma Bebê Até 12 Meses Cor Bege Liso;799;gold_special;14994;MLB455214;MLB63120428;;0;6;me2;1;paused;1
MLB5973609044;catalogo;Conjunto 2 Poltronas Mona Decorativa Linho Terracota Para Sala De Estar E Recepção - Minha Loja De Móveis Liso;1399;gold_special;10000;MLB1626;MLB46402994;Conjunto 2 Poltronas Mona Decorativa Linho Terracota Para Sala De Estar E Recepção - Minha Loja De Móveis Liso;0;6;me2;1;paused;1
MLB4279377999;catalogo;Mini Cama Baby De Espuma Montessoriana Segurança E Conforto Cor Azul Moisés;399;gold_special;24938;MLB3231;MLB61387866;;0;5;me2;1;paused;1
MLB4241442187;variacoes;Poltrona Decorativa Reclinável Para Sala De Estar E Recepção;869;gold_special;89998;MLB416807;;;3;20;me2;1;paused;1
MLB4270052241;variacoes;Mini Cama Baby De Espuma Montessoriana Segurança E Conforto;399;gold_special;74865;MLB3231;MLB61387864;;3;16;me2;1;paused;1
MLB4300116663;catalogo;Cama Infantil Espuma Montessoriana Juvenil Quarto C/ Colchão Cor Bege Liso;799;gold_special;99754;MLB3231;MLB60404388;Jelc Decor Mini cama Berço;0;6;me2;1;paused;1
MLB5898350202;catalogo;Cama Infantil Espuma Montessoriana Juvenil Quarto C/ Colchão Cor Rosa Liso;799;gold_pro;25297;MLB3231;MLB61688686;;0;7;me2;1;paused;1
MLB4281875711;catalogo;Cama Infantil Espuma Montessoriana Juvenil Quarto C/ Colchão Cor Azul-escuro Liso;799;gold_pro;24721;MLB3231;MLB60969924;;0;6;me2;1;paused;1
MLB5875214128;catalogo;Mini Cama Baby De Espuma Montessoriana Segurança E Conforto Cor Rosa Moisés;399;gold_special;24978;MLB3231;MLB61395056;;0;6;me2;1;paused;1
MLB5950318130;catalogo;Cama Infantil Montessoriana 100% Espuma D26 Com Proteção Lateral Para Menino E Menina Com Colchão 150x70 Cor Bege - Jb Estofados Liso;799;gold_special;99930;MLB3231;MLB62319897;Jb Estofados Cama Infantil Aurora Juvenil Infantil Juvenil Berço;0;5;me2;1;active;1
MLB4637486839;catalogo;Mini Cama Montessoriana Infantil 100% Espuma Com Proteção Lateral Aurora Baby Sem Colchão Cor Rosa Aurora Baby Premium;699;gold_special;9991;MLB3231;MLB68349029;JB Estofados Cama Infantil Aurora Baby Infantil Berço;0;5;me2;1;paused;1
MLB4683374677;catalogo;Poltrona Do Papai Reclinavel Corino Encosto Sala De Estar Cor Preto Desenho Do Tecido Big Ponme;799;gold_special;9992;MLB458191;MLB43825810;Art Estofados Top Sofas Premium Poltrona;0;5;me2;1;paused;1
MLB6715743070;catalogo;Poltrona Reclinável Ms Móveis Decor Preto Madeira Encosto Ajustável Corino;799;gold_special;9986;MLB439110;MLB37699580;MS Móveis Papai Decor Mamãe;0;5;me2;1;paused;1
MLB6091558468;catalogo;Camas Infantil Moisés Montessoriana Espuma Bebê Até 12 Meses Cor Rosa Liso;799;gold_special;15000;MLB455214;MLB63458580;;0;6;me2;1;paused;1
MLB4660978015;catalogo;Poltrona Do Papai Reclinavel Corino Encosto Sala De Estar Cor Preto Desenho Do Tecido Big Ponme;799;gold_special;9992;MLB458191;MLB43825810;Art Estofados Top Sofas Premium Poltrona;0;5;me2;1;paused;1
MLB4637466341;catalogo;Mini Cama Montessoriana Infantil 100% Espuma Com Proteção Lateral Aurora Baby Sem Colchão Cor Azul Azul-marinho Aurora Baby Premium;699;gold_special;9987;MLB3231;MLB68349030;JB Estofados Cama Infantil Aurora Baby Infantil Berço;0;5;me2;1;paused;1
MLB4381859073;catalogo;Sofa Decorativo Jelc Decor Recepção Tela Couro Color Marrom Liso;799;gold_special;19651;MLB416807;MLB54015640;;0;6;me2;1;paused;1
MLB6646194204;catalogo;Poltrona Cadeira Dream Papai E Mamãe Com Encosto Macio Reclinável E Retrátil Para Amamentação E Sala De Descanso Cor Marrom Jb Estofados Liso;999;gold_special;9876;MLB416807;MLB50745264;Reclinável JB Estofados Cadeira Soft Dream Poltrona;0;7;me2;1;active;1
MLB6721386060;catalogo;Poltrona Cadeira Lóttus Papai E Mamãe Com Encosto Macio Reclinável E Retrátil Para Sala De Descanso E Amamentação Cor Marrom Liso;899;gold_pro;9966;MLB416807;MLB50390784;Juliflex JB Estofados Decorativa Quarto Lottus Poltrona;0;7;me2;1;paused;1
MLB6712700578;catalogo;Poltrona Papai E Mamãe Vitória Encosto Reclinável Para Sala De Descanso E Amamentação Cor Preto Jb Estofados Liso;799;gold_special;9977;MLB416807;MLB67972624;Jb Estofados Reclinável Lash Designer Vitória Poltrona 1;0;7;me2;1;paused;1
MLB4620973343;catalogo;Poltrona Cadeira Dream Papai E Mamãe Com Encosto Macio Reclinável E Retrátil Para Sala De Descanso E Amamentação Cor Bege Jb Estofados Liso;949.99;gold_special;9883;MLB416807;MLB39459845;Reclinável JB Estofados Cadeira Soft Dream Poltrona;0;7;me2;1;active;1
MLB6303720430;catalogo;Cama Infantil Montessoriana Solteiro 100% Espuma D26 Para Colchão 188x88 Anti Impacto Com Proteção Lateral Cor Rosa - Jb Estofados Aconchego Sem Colchão;799;gold_special;9955;MLB3231;MLB65917627;JB Estofados 100% Acolchoada Espumática Infantil Solteiro;0;4;me2;1;paused;1
MLB4936103901;catalogo;Poltrona Cadeira Beny Preta Do Papai E Mamãe Com Encosto Reclinável E Retrátil Ideal Para Sala De Estar E Extensão De Cílios Jb Estofados Preto Liso;878.1;gold_pro;9997;MLB458191;MLB63070210;Juliflex Jb Estofados Retratil Beny Poltrona 1;0;8;me2;1;paused;1
MLB4382149299;catalogo;Camas Infantil Moisés Montessoriana Espuma Bebê Até 12 Meses Cor Azul Liso;799;gold_special;15000;MLB455214;MLB63459597;;0;6;me2;1;paused;1
MLB6712692360;catalogo;Poltrona Papai E Mamãe Vitória Encosto Reclinável Para Sala De Descanso E Amamentação Cor Bege Jb Estofados Liso;819;gold_special;9980;MLB416807;MLB67957465;JB Estofados Reclinável Lash Designer Vitória Poltrona;0;7;me2;1;active;1
MLB4637511875;catalogo;Mini Cama Montessoriana Infantil 100% Espuma Com Proteção Lateral Aurora Baby Sem Colchão Cor Bege Aurora Baby Premium;699;gold_special;9993;MLB3231;MLB68349028;JB Estofados Cama Infantil Aurora Baby Infantil Berço;0;5;me2;1;paused;1
MLB6693260610;catalogo;Poltrona Cadeira Glória Mamãe E Papai Com Encosto Macio Reclinável E Retrátil Para Sala De Descanso E Amamentação Cor Preto Liso;799;gold_special;9860;MLB416807;MLB49100139;Juliflex Jelc Decor Sofa Decorativo Recepção Poltrona;0;6;me2;1;paused;1
MLB6721344376;catalogo;Poltrona Cadeira Lóttus Papai E Mamãe Com Encosto Macio Reclinável E Retrátil Para Sala De Descanso E Amamentação Cor Preto Liso;899;gold_special;10000;MLB416807;MLB42526637;Juliflex JB Estofados Retrátil Decorativa Lottus Poltrona;0;7;me2;0;paused;1
MLB6303794232;catalogo;Cama Infantil 100% Espumada Montessoriana Juvenil Para Quarto Aconchegante Sem Colchão Cor Azul Liso Azul Liso;593.02;gold_special;9995;MLB3231;MLB60239141;Cama Infantil 100% Espumada Montessoriana Juvenil Para Quarto Aconchegante Sem Colchão Cor Azul Liso;0;4;me2;1;under_review;1
MLB4936197929;catalogo;Poltrona Papai E Mamãe Vitória Encosto Reclinável Para Sala De Descanso E Amamentação Cor Preto Jb Estofados Liso;792.1;gold_pro;9977;MLB458191;MLB67972624;Jb Estofados Reclinável Lash Designer Vitória Poltrona 1;0;7;me2;1;active;1
MLB6721349100;catalogo;Poltrona Cadeira Lóttus Papai E Mamãe Com Encosto Reclinável E Retrátil Para Sala De Descanso E Amamentação Cor Bege Liso;899;gold_pro;9895;MLB416807;MLB42526431;Retratil JB Estofados Estoril Reclinável Poltrona;0;6;me2;1;paused;1
MLB7246983450;tradicional;Poltrona Do Papai Premium Reclinável Para Sala De Estar Preto Liso;999;gold_special;9970;MLB1626;MLB75833746;Poltrona Do Papai Premium Reclinável Para Sala De Estar;0;6;me2;1;active;1
MLB7237233306;catalogo;Poltrona Cadeira Do Papai Com Encosto Macio Reclinável E Retrátil Revestido Em Corino Para Sala De Descanso E Amamentação Jb Estofados Cor Caramelo Liso;978;gold_special;9911;MLB458191;MLB73691155;JB Estofados Retrátil Decorativa Poltrona Reclinavel Poltrona 1;0;6;me2;1;active;1
MLB7525871806;tradicional;Poltrona Do Papai Amamentação Reclinável Para Sala De Estar Bege Liso;899;gold_special;10000;MLB1626;MLB75833544;Poltrona Do Papai Amamentação Reclinável Para Sala De Estar;0;8;me2;1;paused;1
MLB6087321804;catalogo;Poltrona Reclinável De Couro Sintético Preto Com Porta-copos Liso;999;gold_special;9985;MLB416807;MLB53926401;Juliflex Jelc Decor Premium Extenção De Cílios Soft Graça Poltrona;0;4;me2;1;active;1
MLB4614894581;catalogo;Poltrona Sofa Dream Papai E Mamãe Com Encosto Macio Reclinável E Retrátil Para Sala De Descanso Amamentação E Extensão De Cílios Cor Preta Liso;1078.99;gold_special;9888;MLB416807;MLB39459849;Reclinável JB Estofados Cadeira Soft Dream Poltrona;0;7;me2;1;active;1
MLB4964217061;catalogo;Cama Infantil Montessoriana Encanto 100% Espuma D26 Com Proteção Lateral Segurança E Conforto Para Menino E Menina Capa Removível Com Colchão Cor Bege - Jb Estofados;899;gold_special;9998;MLB3231;MLB75835544;Jb Estofados Encanto Montessoriana Infantil Juvenil Berço;0;7;me2;1;active;1
MLB7246983448;tradicional;Poltrona Do Papai Premium Reclinável Para Sala De Estar Caramelo Liso;899;gold_special;9978;MLB1626;MLB75833546;Poltrona Do Papai Premium Reclinável Para Sala De Estar;0;6;me2;1;under_review;1
MLB7525738160;tradicional;Poltrona Do Papai Amamentação Reclinável Para Sala De Estar Caramelo Liso;899;gold_special;10000;MLB1626;MLB75833544;Poltrona Do Papai Amamentação Reclinável Para Sala De Estar;0;7;me2;1;paused;1
MLB7337961684;catalogo;Juliflex Jb Estofados Premium Matrix Poltrona 1 Caramelo Liso;1099;gold_special;9529;MLB458191;MLB62518173;Juliflex JB Estofados Premium Matrix Poltrona 1;0;6;me2;1;active;1
MLB7521778056;catalogo;Papai Ms Móveis Cadeira Decor Poltrona Preto Liso;499;gold_pro;0;MLB458191;MLB36264611;Papai MS Móveis Cadeira Decor Poltrona;0;6;me2;1;paused;1
MLB4964229687;catalogo;Cama Infantil Montessoriana Encanto 100% Espuma D26 Com Proteção Lateral Segurança E Conforto Para Menino E Menina Capa Removível Com Colchão Cor Rosa- Jb Estofados;699;gold_special;9994;MLB3231;MLB75835542;JB Estofados Encanto Montessoriana Infantil Juvenil Berço;0;7;me2;1;active;1
MLB7416828576;catalogo;Poltrona Reclinável De Corino Com Apoio De Pernas, 1 Lugar Bege;878;gold_special;10000;MLB458191;MLB65905769;Bonan Casa e Requinte Retrátil Decorativa Poltrona Reclinavel Poltrona 1;0;6;me2;1;paused;1
MLB7521583026;catalogo;Cama Infantil Montessoriana Lisa 100% Espuma D26 Segurança E Conforto Para Menino E Menina Capa Removível Com Colchão Cor Bege - Jb Estofados Liso;899;gold_special;10000;MLB3231;MLB75618444;Jb Estofados Lisa Infantil Juvenil Montessori Berço;0;6;me2;1;active;1
MLB4941871067;tradicional;Poltrona Do Papai Premium Reclinável Para Sala De Estar Marrom Liso;899;gold_special;9957;MLB1626;MLB75833560;Poltrona Do Papai Premium Reclinável Para Sala De Estar;0;6;me2;1;under_review;1
MLB4657462791;catalogo;Poltrona Cadeira Glória Mamãe E Papai Com Encosto Macio Reclinável E Retrátil Para Sala De Descanso E Amamentação Cor Bege Liso;799;gold_special;10003;MLB416807;MLB66447623;Poltrona Cadeira Glória Mamãe E Papai Com Encosto Macio Reclinável E Retrátil Para Sala De Descanso E Amamentação Cor Bege Liso;0;9;me2;1;active;1
MLB6783364246;catalogo;Poltrona Reclinável Papai Para Sala De Descanso Em Corino Preto;878.1;gold_special;9929;MLB416807;MLB48484032;Retratil TB ECCOMERCE Cadeira Reclinare Poltrona 1;0;5;me2;1;active;1
MLB7525738158;tradicional;Poltrona Do Papai Amamentação Reclinável Para Sala De Estar Marrom Liso;899;gold_special;10000;MLB1626;MLB75833544;Poltrona Do Papai Amamentação Reclinável Para Sala De Estar;0;8;me2;1;paused;1
MLB7237432008;catalogo;Poltrona Papai Reclinável De Corino Marrom Para Sala De Estar E Amamentação Liso;999;gold_special;9966;MLB416807;MLB65303184;Bonan Reclinável Poltrona Papai Premium Poltrona Papai Reclinável Poltrona 1;0;6;me2;1;active;1
MLB4964204977;catalogo;Cama Infantil Montessoriana Encanto Jb Estofados De Espuma D26 Com Colchão, Capa Removível E Proteção Lateral Para Menino E Menina Azul-marinho Liso;899;gold_special;9969;MLB3231;MLB75835543;Jb Estofados Encanto Montessoriana Infantil Juvenil Berço;0;8;me2;1;active;1
MLB7521583024;catalogo;Cama Infantil Montessoriana Lisa 100% Espuma D26 Segurança E Conforto Para Menino E Menina Capa Removível Com Colchão Cor Azul Marinho - Jb Estofados;899;gold_special;9999;MLB3231;MLB75618450;Jb Estofados Lisa Infantil Juvenil Montessori Berço;0;6;me2;1;active;1
MLB5187997983;tradicional;Retratil Tb Eccomerce Cadeira Reclinare Poltrona 1 Preto;799;gold_special;10000;MLB416807;MLB62320463;Retratil Tb Eccomerce Cadeira Reclinare Poltrona 1;0;9;me2;1;paused;1
MLB5188147727;catalogo;Cama Infantil Montessoriana 100% Espuma D26 Com Proteção Lateral Para Menino E Menina Com Colchão 150x70 Cor Azul - Jb Estofados Azul-marinho Liso;799;gold_special;10000;MLB3231;MLB62330681;JB Estofados Cama Infantil Aurora Juvenil 100% Espuma Berço;0;7;me2;1;active;1
MLB7237063442;catalogo;Poltrona Cadeira Glória Papai E Mamãe Decorativa Com Encosto Macio Retrátil E Reclinável Para Sala De Descanso E Amamentação Cor Caramelo Big Ponme;999;gold_special;9948;MLB458191;MLB62281220;Juliflex Jelc Decor Decorativa Recepção Poltrona 1;0;5;me2;1;active;1
MLB5187696573;catalogo;Poltrona Reclinável Soft Dream De Corino Caramelo Para Amamentação E Descanso Liso;899;gold_special;10000;MLB416807;MLB63036578;Reclinável JB Estofados Cadeira Soft Dream Poltrona 1;0;5;me2;1;paused;1
MLB5137468619;catalogo;Poltrona Cadeira Do Papai Shalom Premium Com Encosto Reclinável Para Hospital Clínica E Sala De Estar Cor Bege - Jb Estofados Liso;999;gold_special;9995;MLB458191;MLB75833859;JB Estofados Premium Reclinável Poltrona 1;0;8;me2;1;active;1
MLB5187349145;catalogo;Poltrona Cadeira Glória Papai E Mamãe Com Encosto Macio Retrátil E Reclinável Decorativa Para Sala De Descanso E Amamentação Cor Bege Liso;899;gold_special;9993;MLB416807;MLB49100203;Poltrona Cadeira Glória Papai E Mamãe Com Encosto Macio Retrátil E Reclinável Decorativa Para Sala De Descanso E Amamentação Cor Bege Liso;0;5;me2;1;active;1
MLB7557572536;catalogo;Ô Dcasa Pera Preto Luxo;279.9;gold_special;10000;MLB31039;MLB74135692;Ô DCasa Pera;0;5;me2;1;paused;1
MLB5146441561;catalogo;Mini Berço Cama Moisés Montessoriana De Espuma Com Colchão Bebê Amamentação Seguro Recém Nascido Proteção Azul Liso;699;gold_special;10000;MLB434391;MLB78458155;JB Estofados Berço Moisés Multifuncional Mini-berço;0;6;me2;1;active;1
MLB5137493883;catalogo;Poltrona Cadeira Do Papai Shalom Premium Com Encosto Reclinável Para Hospital Clínica E Sala De Estar Cor Preta - Jb Estofados Preto Liso;999;gold_special;9995;MLB458191;MLB75833746;JB Estofados Premium Reclinável Poltrona 1;0;7;me2;1;active;1
MLB4936288759;catalogo;Jd Móveis Bonan Poltrona Decorativa Moderna Poltrona Reclinável Do Papai Poltrona 1 Bege Liso;899;gold_special;99910;MLB458191;MLB62082490;Jd Móveis Bonan Poltrona Decorativa Moderna Poltrona Reclinável Do Papai Poltrona 1;0;11;me2;1;active;1
MLB5139240819;catalogo;Cama Infantil Montessoriana Lisa 100% Espuma D26 Segurança E Conforto Para Menino E Menina Capa Removível Com Colchão Cor Rosa - Jb Estofados;899;gold_special;10000;MLB3231;MLB75619377;Jb Estofados Lisa Infantil Juvenil Montessori Berço;0;5;me2;1;active;1
MLB5146441557;catalogo;Mini Berço Cama Moisés Montessoriana De Espuma Com Colchão Bebê Amamentação Seguro Recém Nascido Proteção Rosa Liso;699;gold_special;10000;MLB434391;MLB78458141;Jb Estofados Berço Moisés Multifuncional Mini-berço;0;6;me2;1;active;1
MLB5146441559;catalogo;Mini Berço Cama Moisés Montessoriana De Espuma Com Colchão Bebê Amamentação Seguro Recém Nascido Proteção Bege Liso;699;gold_special;9999;MLB434391;MLB78458122;Jb Estofados Berço Moisés Multifuncional Mini-berço;0;7;me2;1;active;1
MLB5187998001;catalogo;Poltrona Do Papai Reclinável Com Encosto Macio E Retrátil Em Corino Marrom Para Sala De Descanso Da Jb Estofados Liso;799;gold_special;10000;MLB416807;MLB62320463;Jd Móveis JB Estofados Poltrona Papai Premium Poltrona Papai Reclinável Poltrona 1;0;7;me2;1;paused;1
MLB5137506421;catalogo;Poltrona Cadeira Do Papai Shalom Premium Com Encosto Reclinável Para Hospital Clínica E Sala De Estar Cor Marrom - Jb Estofados Liso;999;gold_special;9992;MLB458191;MLB75833560;JB Estofados Premium Reclinável Poltrona 1;0;8;me2;1;active;1
MLB4936210763;catalogo;Poltrona Papai E Mamãe Vitória Encosto Reclinável Para Sala De Descanso E Amamentação Cor Marrom Jb Estofados Liso;799;gold_special;9996;MLB458191;MLB74149694;Jb Estofados Reclinável Lash Designer Vitória Poltrona 1;0;7;me2;1;active;1
MLB7585826754;catalogo;Poltrona Do Papai Reclinável Com Encosto Macio E Retrátil Em Corino Marrom Para Sala De Descanso Da Jb Estofados Liso Marrom Liso;902;gold_special;10000;MLB458191;MLB62320463;Poltrona Do Papai Reclinável Com Encosto Macio E Retrátil Em Corino Marrom Para Sala De Descanso Da Jb Estofados Liso;0;7;me2;1;paused;1
MLB5137468617;catalogo;Poltrona Cadeira Do Papai Shalom Premium Com Encosto Reclinável Para Hospital Clínica E Sala De Estar Cor Caramelo - Jb Estofados Liso;999;gold_special;9999;MLB458191;MLB75833546;JB Estofados Premium Reclinável Poltrona 1;0;8;me2;1;active;1
MLB5187357699;tradicional;Poltrona Cadeira Glória Mamãe E Papai Com Encosto Macio Recl Bege Liso;899;gold_special;9993;MLB416807;MLB49100203;Poltrona Cadeira Glória Mamãe E Papai Com Encosto Macio Recl;0;7;me2;1;active;1
MLB5191251037;catalogo;Poltrona Cadeira Com Encosto Reclinável Retrátil Do Papai Móveis E Da Mamãe Para Sala De Descanso Preto Mobiliahomee Liso Preto Liso;999;gold_special;10000;MLB458191;MLB62555881;Poltrona Cadeira Com Encosto Reclinável Retrátil Do Papai Móveis E Da Mamãe Para Sala De Descanso Preto Mobiliahomee Liso;0;6;me2;1;active;1
MLB7593806746;catalogo;Poltrona Cadeira Do Papai Com Encosto Macio Reclinável E Retrátil Revestido Em Veludo Para Sala De Descanso E Amamentação Cor Bege;999;gold_special;10000;MLB458191;MLB62082490;Jd Móveis Bonan Poltrona Decorativa Moderna Poltrona Reclinável Do Papai Poltrona 1;0;11;me2;1;active;1
MLB5191921461;tradicional;Bonan Casa E Requinte Retrátil Decorativa Poltrona Reclinave Bege;999;gold_special;10000;MLB458191;MLB62082490;Bonan Casa E Requinte Retrátil Decorativa Poltrona Reclinave;0;1;me2;1;active;1
