grupo;mlb_jelc;catalog_product_id;titulo;preco;status_jelc;estoque_jelc;categoria;fotos;envio;frete_gratis;family_name
A-replicar;MLB4324990271;MLB36767318;Gran Belo Poltrona Decorativa Santorini Poltrona Marrom Liso;1390;paused;9990;MLB1626;5;me2;1;Gran Belo Poltrona Decorativa Santorini Poltrona
A-replicar;MLB5965593548;MLB38476875;Poltrona Do Papai Santorini Veludo Cinza - Gran Belo Liso;1276;paused;9993;MLB1626;6;me2;1;Gran Belo Poltrona Decorativa Santorini Poltrona
A-replicar;MLB7591090126;MLB50913618;Retratil Jb Estofados Retrátil Decorativa Poltrona Reclinavel Poltrona 1 Marrom;1190;active;9988;MLB416807;5;me2;1;Retratil JB Estofados Retrátil Decorativa Poltrona Reclinavel Poltrona 1
A-replicar;MLB7591101172;MLB50913632;Poltrona Cadeira Do Papai Com Encosto Macio Reclinável E Retrátil Revestido Em Corino Para Sala De Descanso E Amamentação Cor Bege;1190;active;10000;MLB416807;6;me2;1;Retratil JB Estofados Retrátil Decorativa Poltrona Reclinavel Poltrona 1
A-replicar;MLB4435280541;MLB26044796;Sofá Reclinável Poltrona Reclinável Poltrona Reclinável De 3 Posições, Imitação De Cor: Couro Pu Preto Símil Couro Pu Preto Liso;1078;paused;10000;MLB458191;4;not_specified;0;Punto Union RECLINER Grecia Poltrona
A-replicar;MLB4435344579;MLB29044231;Poltrona Reclinável Lbx Móveis Preto Corino Sala Tv 117x80x90cm;899;paused;9983;MLB31039;4;me2;1;Lbx Móveis Reclinável Poltrona
A-replicar;MLB4435318301;MLB36337121;Poltrona Preta Ms Móveis Soft Cadeira Para Sala De Descanso Do Papai E Mamãe Com Encosto Reclinável Retrátil E Macio Preto Liso;899;paused;10000;MLB1626;7;not_specified;0;MS Móveis Retratil Soft Poltrona
A-replicar;MLB4435382735;MLB48941762;Poltrona Cadeira Com Encosto Reclinável Retrátil Do Papai E Da Mamãe Para Sala De Descanso Preto Lorenttistore Liso;899;paused;10000;MLB1626;4;me2;1;Papai Lorenttistore Cadeira Decor Poltrona
A-replicar;MLB4435267753;MLB26044795;Sofá Reclinável Poltrona Reclinável Poltrona Reclinável De 3 Posições Imitação De Cor: Couro Pu De Chocolate Símil Couro Pu Marrom Liso;899;paused;10000;MLB458191;5;not_specified;0;Punto Union RECLINER Grecia Poltrona
A-replicar;MLB6976683478;MLB68686210;Poltrona Reclinavel Do Papai Mamae Cilios Massagem Porto Descanso Luxo Premium Ergonômica Preto Corino;899;paused;9992;MLB458191;7;me2;1;Anunes Premium Porto Poltrona 1
A-replicar;MLB4435244121;MLB52368713;Lorenttistore Poltrona Cadeira Com Encosto Reclinável Retrátil Do Papai Móveis E Da Mamãe Para Sala De Descanso Bege Liso;899;active;9994;MLB416807;3;me2;1;Papai Lorenttistore Cadeira Decor Poltrona
A-replicar;MLB6976696774;MLB20760892;Poltrona Do Papai Reclinável Corino Preto Ayla Art Estofados;899;paused;10000;MLB458191;5;not_specified;0;Art Estofados Ayla Poltrona
A-replicar;MLB4785785395;MLB62320557;Poltrona Do Papai Reclinável De Corino Bege Para Sala De Estar E Amamentação Liso;899;paused;3;MLB458191;6;me2;1;Jd Móveis Bonan Poltrona Do Papai Premium Poltrona do Papai Reclinavel Poltrona 1
A-replicar;MLB7110680328;MLB53172876;Poltrona Cadeira Vitória Papai E Mamãe Com Encosto Macio Retrátil E Reclinável Para Amamentação E Sala De Descanso Cor Marrom Liso Marrom Liso;799;paused;9983;MLB458191;7;me2;1;Poltrona Cadeira Vitória Papai E Mamãe Com Encosto Macio Retrátil E Reclinável Para Amamentação E Sala De Descanso Cor Marrom Liso
A-replicar;MLB4561685807;MLB65918386;Cama Infantil Montessoriana Solteiro 100% Espuma D26 Para Colchão 188x88 Anti Impacto Com Proteção Lateral Cor Azul Marinho - Jb Estofados Aconchego Sem Colchão;799;paused;9962;MLB3231;4;me2;1;Cama Infantil Montessoriana Solteiro 100% Espuma D26 Para Colchão 188x88 Anti Impacto Com Proteção Lateral Cor Azul Marinho - Jb Estofados Aconchego Sem Colchão
A-replicar;MLB6555789726;MLB65764354;Cama Infantil Montessoriana Aconchego De Solteiro 100% Espuma Conforto E Segurança Com Colchão Cor Bege - Jb Estofados Aconchego Com Colchão;799;paused;9895;MLB3231;5;me2;1;Cama Infantil Montessoriana Aconchego De Solteiro 100% Espuma Conforto E Segurança Com Colchão Cor Bege - Jb Estofados Aconchego Com Colchão
A-replicar;MLB6518929834;MLB65918305;Cama Infantil Montessoriana Solteiro 100% Espuma D26 Para Colchão 188x88 Anti Impacto Com Proteção Lateral Cor Bege - Jb Estofados Aconchego Sem Colchão;799;paused;9966;MLB3231;5;me2;1;Cama Infantil Montessoriana Solteiro 100% Espuma D26 Para Colchão 188x88 Anti Impacto Com Proteção Lateral Cor Bege - Jb Estofados Aconchego Sem Colchão
A-replicar;MLB4875056493;MLB50871268;Poltrona Do Papai Reclinável Em Corino Preto Para Sala De Descanso;799;paused;10000;MLB458191;5;not_specified;0;Poltrona do papai JED ECOMMERCE Premium Poltrona Do Papai Decorativa Poltrona
A-replicar;MLB4892859989;MLB53925570;Poltrona Reclinável Graça De 1 Lugar Com Porta-copos Para Amamentação E Descanso Bege Liso;799;paused;10000;MLB458191;5;me2;1;Poltrona Reclinável Graça De 1 Lugar Com Porta-copos Para Amamentação E Descanso Bege Liso
A-replicar;MLB7141594360;MLB47437450;Juliflex Jb Estofados Retrátil Decorativa Vitória Poltrona Preto Liso;799;paused;10000;MLB416807;7;not_specified;0;Juliflex Jb Estofados Retrátil Decorativa Vitória Poltrona
A-replicar;MLB4856935029;MLB37447334;Cadeira Estilo Poltrona Papai E Mamãe Decor Com Encosto Reclinável Retrátil Para Sala De Descanso Cor Preto Ms Móveis Liso;799;active;9987;MLB32664;7;me2;1;Ms Móveis Decor
A-replicar;MLB4907186593;MLB62320557;Poltrona Do Papai Reclinável De Corino Bege Para Sala De Estar E Amamentação Liso;799;paused;3;MLB458191;6;me2;1;Jd Móveis Bonan Poltrona Do Papai Premium Poltrona do Papai Reclinavel Poltrona 1
A-replicar;MLB4856994447;MLB47539643;Juliflex Jb Estofados Retrátil Decorativa Vitoria Poltrona 1 Bege Liso;799;paused;10000;MLB458191;6;not_specified;0;Juliflex JB Estofados Retrátil Decorativa Vitoria Poltrona 1
A-replicar;MLB5183385013;MLB53172876;Poltrona Cadeira Vitória Papai E Mamãe Com Encosto Macio Retrátil E Reclinável Para Amamentação E Sala De Descanso Cor Marrom Liso;799;active;9998;MLB416807;7;me2;1;Juliflex JB Estofados Retrátil Decorativa Vitoria Poltrona 1
A-replicar;MLB4763503649;MLB75658014;Cama Solteiro Montessoriana Premium 100%espumad26 C/ Colchão Azul-marinho New Premium;769;paused;9936;MLB3231;5;me2;1;Cama Solteiro Montessoriana Premium 100%espumad26 C/ Colchão
A-replicar;MLB4763490881;MLB75622936;Cama Solteiro Montessoriana Premium 100%espumad26 C/ Colchão Rosa New Premium;769;paused;9941;MLB3231;6;me2;1;Cama Solteiro Montessoriana Premium 100%espumad26 C/ Colchão
A-replicar;MLB4763503647;MLB65764354;Cama Solteiro Montessoriana Premium 100%espumad26 C/ Colchão Bege New Premium;769;paused;9957;MLB3231;6;me2;1;Cama Solteiro Montessoriana Premium 100%espumad26 C/ Colchão
A-replicar;MLB7316881410;MLB65764354;Cama Infantil Montessoriana Aconchego De Solteiro 100% Espuma Conforto E Segurança Com Colchão Cor Bege - Jb Estofados Aconchego Com Colchão;769;paused;9957;MLB3231;5;me2;1;Cama Infantil Montessoriana Aconchego De Solteiro 100% Espuma Conforto E Segurança Com Colchão Cor Bege - Jb Estofados Aconchego Com Colchão
A-replicar;MLB6928025724;MLB49100257;Poltrona Cadeira C/ Encosto Macio P/ Recepção E Amamentação Bege - Médio Liso;729;paused;25999;MLB458191;3;me2;1;Poltrona Cadeira C/ Encosto Macio P/ Recepção E Amamentação
A-replicar;MLB6928025602;MLB49100257;Poltrona Cadeira C/ Encosto Macio P/ Recepção E Amamentação Terracota Liso;729;paused;10000;MLB458191;3;me2;1;Poltrona Cadeira C/ Encosto Macio P/ Recepção E Amamentação
A-replicar;MLB6928025604;MLB49100257;Poltrona Cadeira C/ Encosto Macio P/ Recepção E Amamentação Bege - Médio Liso;729;paused;25999;MLB458191;3;me2;1;Poltrona Cadeira C/ Encosto Macio P/ Recepção E Amamentação
A-replicar;MLB6928025720;MLB49100257;Poltrona Cadeira C/ Encosto Macio P/ Recepção E Amamentação Off-white Liso;729;paused;25999;MLB458191;3;me2;1;Poltrona Cadeira C/ Encosto Macio P/ Recepção E Amamentação
A-replicar;MLB6928025722;MLB49100257;Poltrona Cadeira C/ Encosto Macio P/ Recepção E Amamentação Terracota Liso;729;paused;10000;MLB458191;3;me2;1;Poltrona Cadeira C/ Encosto Macio P/ Recepção E Amamentação
A-replicar;MLB6928025598;MLB49100257;Poltrona Cadeira C/ Encosto Macio P/ Recepção E Amamentação Cinza-escuro Liso;729;paused;25998;MLB458191;3;me2;1;Poltrona Cadeira C/ Encosto Macio P/ Recepção E Amamentação
A-replicar;MLB6928025718;MLB49100257;Poltrona Cadeira C/ Encosto Macio P/ Recepção E Amamentação Cinza-escuro Liso;729;paused;25998;MLB458191;3;me2;1;Poltrona Cadeira C/ Encosto Macio P/ Recepção E Amamentação
A-replicar;MLB6928025600;MLB49100257;Poltrona Cadeira C/ Encosto Macio P/ Recepção E Amamentação Off-white Liso;729;paused;25999;MLB458191;3;me2;1;Poltrona Cadeira C/ Encosto Macio P/ Recepção E Amamentação
B-jb-ja-tem;MLB4417205791;MLB53926401;Poltrona Reclinável De Couro Sintético Preto Com Porta-copos Liso;899;paused;9951;MLB416807;4;me2;1;Juliflex Jelc Decor Premium Extenção De Cílios Soft Graça Poltrona
B-jb-ja-tem;MLB4435357431;MLB37699580;Poltrona Reclinável Ms Móveis Decor Preto Madeira Encosto Ajustável Corino;899;paused;9999;MLB193945;5;me2;1;MS Móveis Papai Decor Mamãe
B-jb-ja-tem;MLB6518930280;MLB65917627;Cama Infantil Montessoriana Solteiro 100% Espuma D26 Para Colchão 188x88 Anti Impacto Com Proteção Lateral Cor Rosa - Jb Estofados Aconchego Sem Colchão;799;paused;9990;MLB3231;4;me2;1;JB Estofados 100% Acolchoada Espumática Infantil Solteiro
B-jb-ja-tem;MLB6464413790;MLB53620943;Cama Infantil Montessori Aurora Baby Com Colchão 150x70 Cm Para Menino E Menina Cor Azul Aurora Baby Premium;799;active;9948;MLB3231;8;me2;1;Jelc Decor Cama Infantil Aurora Baby Infantil Berço
B-jb-ja-tem;MLB4533562315;MLB62319974;Mini Cama Montessori Infantil De Espuma Para Quarto Com Proteção E Colchão Rosa Liso;799;paused;9995;MLB3231;6;me2;1;Jb Estofados Cama Infantil Aurora Juvenil 100% Espuma Berço
B-jb-ja-tem;MLB6518066724;MLB66447623;Poltrona Cadeira Glória Mamãe E Papai Com Encosto Macio Reclinável E Retrátil Para Sala De Descanso E Amamentação Cor Bege Liso;899;active;99851;MLB416807;9;me2;1;Poltrona Cadeira Glória Mamãe E Papai Com Encosto Macio Reclinável E Retrátil Para Sala De Descanso E Amamentação Cor Bege Liso
B-jb-ja-tem;MLB6976787608;MLB62555881;Papai Mobiliahomee Cadeira Decor Poltrona Preto Liso;899;paused;9807;MLB458191;6;me2;1;Papai MobiliaHomee Cadeira Decor Poltrona
B-jb-ja-tem;MLB7110677678;MLB67972624;Poltrona Papai E Mamãe Vitória Encosto Reclinável Para Sala De Descanso E Amamentação Cor Preto Jb Estofados Liso;799;paused;9994;MLB458191;7;me2;1;Jb Estofados Reclinável Lash Designer Vitória Poltrona 1
B-jb-ja-tem;MLB7110687248;MLB48484032;Poltrona Reclinável Papai Para Sala De Descanso Em Corino Preto;799;active;9989;MLB416807;5;me2;1;Retratil Tb Eccomerce Cadeira Reclinare Poltrona 1
B-jb-ja-tem;MLB7141469468;MLB39459849;Poltrona Sofa Dream Papai E Mamãe Com Encosto Macio Reclinável E Retrátil Para Sala De Descanso Amamentação E Extensão De Cílios Cor Preta Liso Preta Liso;1099;active;9989;MLB458191;7;me2;1;Poltrona Sofa Dream Papai E Mamãe Com Encosto Macio Reclinável E Retrátil Para Sala De Descanso Amamentação E Extensão De Cílios Cor Preta Liso
B-jb-ja-tem;MLB7541291252;MLB42526637;Poltrona Cadeira Lóttus Papai E Mamãe Com Encosto Macio Leve Marrom Liso;5000;paused;10000;MLB416807;7;me2;1;Poltrona Cadeira Lóttus Papai E Mamãe Com Encosto Macio Leve
B-jb-ja-tem;MLB5140920229;MLB62281220;Poltrona Cadeira Glória Papai E Mamãe Decorativa Com Encosto Macio Retrátil E Reclinável Para Sala De Descanso E Amamentação Cor Caramelo Big Ponme;1000;active;9997;MLB458191;5;me2;1;Juliflex Jelc Decor Decorativa Recepção Poltrona 1
B-jb-ja-tem;MLB6976346076;MLB73691155;Poltrona Cadeira Do Papai Com Encosto Macio Reclinável E Retrátil Revestido Em Corino Para Sala De Descanso E Amamentação Jb Estofados Cor Caramelo Liso;899;active;9957;MLB416807;6;me2;1;Poltrona Do Papai Reclinável Em Corino Caramelo Para Sala Liso
B-jb-ja-tem;MLB4892817187;MLB49100139;Poltrona Cadeira Glória Mamãe E Papai Com Encosto Macio Reclinável E Retrátil Para Sala De Descanso E Amamentação Cor Preto Liso;799;active;9997;MLB416807;6;me2;1;Juliflex Jelc Decor Sofa Decorativo Recepção Poltrona 1
B-jb-ja-tem;MLB7237526096;MLB36264611;Papai Ms Móveis Cadeira Decor Poltrona Preto Liso;899;active;9978;MLB458191;6;me2;1;Papai Ms Móveis Cadeira Decor Poltrona
B-jb-ja-tem;MLB4855622867;MLB65303184;Poltrona Papai Reclinável De Corino Marrom Para Sala De Estar E Amamentação Liso;799;paused;9501;MLB458191;6;me2;1;Poltrona Cadeira Do Papai Com Encosto Macio Reclinável E Retrátil Revestido Em Corino Para Sala De Descanso E Amamentação Jb Estofados Cor Marrom Liso
B-jb-ja-tem;MLB4856994067;MLB74149694;Poltrona Papai E Mamãe Vitória Encosto Reclinável Para Sala De Descanso E Amamentação Cor Marrom Jb Estofados Liso;1029.9;paused;9995;MLB458191;7;me2;1;Poltrona Papai E Mamãe Vitória Encosto Reclinável Para Sala De Descanso E Amamentação Cor Marrom Jb Estofados Liso
B-jb-ja-tem;MLB4856987107;MLB63070210;Poltrona Cadeira Beny Preta Do Papai E Mamãe Com Encosto Reclinável E Retrátil Ideal Para Sala De Estar E Extensão De Cílios Jb Estofados Preto Liso;999.9;paused;9982;MLB458191;8;me2;1;Juliflex JB Estofados Retratil Ayla Poltrona 1
B-jb-ja-tem;MLB7166891618;MLB67957465;Poltrona Papai E Mamãe Vitória Encosto Reclinável Para Sala De Descanso E Amamentação Cor Bege Jb Estofados Liso;799;active;9992;MLB458191;7;me2;1;Poltrona Papai E Mamãe Vitória Encosto Reclinável Para Sala De Descanso E Amamentação Cor Bege Jb Estofados Liso
B-jb-ja-tem;MLB7110599876;MLB50390784;Poltrona Cadeira Lóttus Papai E Mamãe Com Encosto Macio Reclinável E Retrátil Para Sala De Descanso E Amamentação Cor Marrom Liso Marrom Liso;899;paused;9923;MLB416807;7;me2;1;Poltrona Cadeira Lóttus Papai E Mamãe Com Encosto Macio Reclinável E Retrátil Para Sala De Descanso E Amamentação Cor Marrom Liso
B-jb-ja-tem;MLB5180210821;MLB50390784;Juliflex Jb Estofados Decorativa Quarto Lottus Poltrona 1 Marrom Liso;899;active;9997;MLB416807;7;me2;1;Juliflex JB Estofados Decorativa Quarto Lottus Poltrona 1
B-jb-ja-tem;MLB7585990046;MLB65905769;Poltrona Reclinável De Corino Com Apoio De Pernas, 1 Lugar Bege;978.99;active;9999;MLB458191;6;me2;1;Poltrona Reclinável de Corino com Apoio de Pernas, 1 Lugar Bege
B-jb-ja-tem;MLB7540977634;MLB42526431;Retratil Jb Estofados Estoril Reclinável Poltrona Bege Liso;200;paused;0;MLB416807;6;me2;1;Retratil Jb Estofados Estoril Reclinável Poltrona
B-jb-ja-tem;MLB5151275799;MLB42526637;Poltrona Cadeira Lóttus Papai E Mamãe Com Encosto Macio Reclinável E Retrátil Para Sala De Descanso E Amamentação Cor Preto Liso;5000;paused;10000;MLB416807;7;not_specified;0;Juliflex JB Estofados Retrátil Decorativa Lottus Poltrona
C-tradicional;MLB5454152438;;Cadeira Monalisa Estofada Com Encosto Fixo Para Escritório Off White;79.9;paused;0;MLB193945;4;me2;1;Cadeira Monalisa Estofada Com Encosto Fixo Para Escritório
C-tradicional;MLB4104244623;;Poltrona Cadeira De Jantar Estofada C/ Encosto Reclinável Mona Lisa Off White Off-white;762.65;paused;99999;MLB32664;4;me2;1;Poltrona Cadeira De Jantar Estofada C/ Encosto Reclinável
C-tradicional;MLB5454649036;;Poltrona Cadeira Decorativa Monalisa Para Sala De Estar Off-white Liso;762.85;paused;99998;MLB416807;4;me2;1;Poltrona Cadeira Decorativa Monalisa Para Sala De Estar
C-tradicional;MLB7388499446;;Poltrona Reclinável De Corino Com Apoio De Pernas, 1 Lugar B Bege;899.99;under_review;5;MLB416807;6;me2;1;Poltrona Reclinável De Corino Com Apoio De Pernas, 1 Lugar B
C-tradicional;MLB7388535224;;Poltrona Reclinável De Corino Com Apoio De Pernas, 1 Lugar B Bege;1390.0;under_review;5;MLB416807;6;me2;1;Poltrona Reclinável De Corino Com Apoio De Pernas, 1 Lugar B
